Dive Number,GF Minimum,GF Maximum,Surface Interval (min),Imperial Units,Start Battery Voltage,Start CNS %,Start Date,Start External O2 Sensor Status,Start Low Set Point,Start High Set Point,Computer Firmware Version,Max Depth,Max Time,Error History,End Battery Voltage,End CNS,End Date,End External O2 Sensor Status,End Low Set Point,End High Set Point,Computer Serial Number,Computer Firmware Version,Computer Model,Log Version,Deco Model,VPM-B Conservatism,Start Surface Pressure,End Surface Pressure,Product
260,50,85,28626,False,3.4,0,9/26/2026 8:33:13 AM,False,0,1,66,44.2,2719,,3.4,41,9/26/2026 9:18:27 AM,False,0,1,3343DB3D,66,2,17,GF,50/85,1026,1026,Perdix AI
Time (sec),Depth,First Stop Depth,Time To Surface (min),Average PPO2,Fraction O2,Fraction He,First Stop Time,Current NDL,Current Circuit Mode,Current CCR Mode,Water Temp,Gas Switch Needed,External PPO2,Set Point Type,Circuit Switch Type,External O2 Sensor 1 (mV),External O2 Sensor 2 (mV),External O2 Sensor 3 (mV),Battery Voltage,Tank 1 pressure (PSI),Tank 2 pressure (PSI),Tank 3 pressure (PSI),Tank 4 pressure (PSI),Gas Time Remaining,SAC Rate (2 minute avg),Ascent Rate,Safe Ascent Depth,CO2mbar
0,1.5,0,1,0.24,0.21,0,0,0,1,0,28,False,True,0,0,0,0,199,3.44,3298,3328,No comms for 90s +,No comms for 90s +,N/A,Not Diving,0,0,0
2,1.5,0,1,0.25,0.21,0,0,0,1,0,28,False,True,0,0,0,0,199,3.44,3298,3328,No comms for 90s +,No comms for 90s +,N/A,Not Diving,0,0,0
4,1.6,0,1,0.25,0.21,0,0,0,1,0,28,False,True,0,0,0,0,199,3.44,3298,3328,No comms for 90s +,No comms for 90s +,N/A,Not Diving,0,0,0
6,1.8,0,1,0.25,0.21,0,0,0,1,0,28,False,True,0,0,0,0,199,3.44,3284,3326,No comms for 90s +,No comms for 90s +,N/A,Not Diving,0,0,0
8,1.9,0,1,0.25,0.21,0,0,0,1,0,28,False,True,0,0,0,0,199,3.44,3284,3326,No comms for 90s +,No comms for 90s +,N/A,Not Diving,0,0,0
10,1.9,0,1,0.25,0.21,0,0,99,1,0,28,True,True,0,0,0,0,199,3.44,3276,3328,No comms for 90s +,No comms for 90s +,N/A,Waiting for initial data,0,0,0
12,2,0,1,0.25,0.21,0,0,99,1,0,28,True,True,0,0,0,0,199,3.44,3276,3328,No comms for 90s +,No comms for 90s +,N/A,Waiting for initial data,0,0,0
14,2.3,0,1,0.26,0.21,0,0,99,1,0,27,True,True,0,0,0,0,199,3.44,3276,3328,No comms for 90s +,No comms for 90s +,N/A,Waiting for initial data,0,0,0
16,2.7,0,1,0.27,0.21,0,0,99,1,0,27,True,True,0,0,0,0,199,3.43,3264,3326,No comms for 90s +,No comms for 90s +,N/A,Waiting for initial data,0,0,0
18,3.1,0,1,0.28,0.21,0,0,99,1,0,27,True,True,0,0,0,0,199,3.44,3264,3326,No comms for 90s +,No comms for 90s +,N/A,Waiting for initial data,0,0,0
20,3.2,0,1,0.28,0.21,0,0,99,1,0,27,True,True,0,0,0,0,199,3.45,3264,3326,No comms for 90s +,No comms for 90s +,N/A,Waiting for initial data,0,0,0
22,3.4,0,1,0.28,0.21,0,0,99,1,0,27,True,True,0,0,0,0,199,3.45,3248,3326,No comms for 90s +,No comms for 90s +,N/A,Waiting for initial data,0,0,0
24,3.4,0,1,0.28,0.21,0,0,99,1,0,27,True,True,0,0,0,0,199,3.44,3248,3326,No comms for 90s +,No comms for 90s +,N/A,Waiting for initial data,0,0,0
26,3.4,0,1,0.28,0.21,0,0,99,1,0,27,True,True,0,0,0,0,199,3.44,3236,3324,No comms for 90s +,No comms for 90s +,N/A,Waiting for initial data,0,0,0
28,3.4,0,1,0.28,0.21,0,0,99,1,0,27,True,True,0,0,0,0,199,3.44,3236,3324,No comms for 90s +,No comms for 90s +,N/A,Waiting for initial data,0,0,0
30,3.4,0,1,0.28,0.21,0,0,99,1,0,27,True,True,0,0,0,0,199,3.44,3236,3324,No comms for 90s +,No comms for 90s +,N/A,Waiting for initial data,0,0,0
32,3.5,0,1,0.28,0.21,0,0,99,1,0,27,True,True,0,0,0,0,199,3.45,3224,3324,No comms for 90s +,No comms for 90s +,N/A,Waiting for initial data,0,0,0
34,3.6,0,1,0.29,0.21,0,0,99,1,0,27,True,True,0,0,0,0,199,3.45,3224,3324,No comms for 90s +,No comms for 90s +,N/A,Waiting for initial data,0,0,0
36,3.8,0,1,0.29,0.21,0,0,99,1,0,27,True,True,0,0,0,0,199,3.44,3214,3324,No comms for 90s +,No comms for 90s +,N/A,Waiting for initial data,0,0,0
38,4.1,0,1,0.3,0.21,0,0,99,1,0,27,True,True,0,0,0,0,199,3.44,3214,3324,No comms for 90s +,No comms for 90s +,N/A,Waiting for initial data,0,0,0
40,4.4,0,1,0.3,0.21,0,0,99,1,0,26,True,True,0,0,0,0,199,3.43,3214,3324,No comms for 90s +,No comms for 90s +,N/A,Waiting for initial data,0,0,0
42,4.7,0,1,0.31,0.21,0,0,99,1,0,26,True,True,0,0,0,0,199,3.43,3202,3322,No comms for 90s +,No comms for 90s +,N/A,Waiting for initial data,0,0,0
44,5.5,0,1,0.32,0.21,0,0,99,1,0,26,True,True,0,0,0,0,199,3.44,3202,3322,No comms for 90s +,No comms for 90s +,N/A,Waiting for initial data,0,0,0
46,6,0,1,0.33,0.21,0,0,99,1,0,26,True,True,0,0,0,0,199,3.44,3190,3322,No comms for 90s +,No comms for 90s +,N/A,Waiting for initial data,0,0,0
48,6.3,0,1,0.34,0.21,0,0,99,1,0,26,True,True,0,0,0,0,199,3.44,3190,3322,No comms for 90s +,No comms for 90s +,N/A,Waiting for initial data,0,0,0
50,6.6,0,1,0.35,0.21,0,0,99,1,0,26,True,True,0,0,0,0,199,3.43,3190,3322,No comms for 90s +,No comms for 90s +,N/A,Waiting for initial data,0,0,0
52,6.8,0,1,0.35,0.21,0,0,99,1,0,26,True,True,0,0,0,0,199,3.42,3180,3322,No comms for 90s +,No comms for 90s +,N/A,Waiting for initial data,0,0,0
54,7,0,1,0.36,0.21,0,0,99,1,0,26,True,True,0,0,0,0,199,3.43,3180,3322,No comms for 90s +,No comms for 90s +,N/A,Waiting for initial data,0,0,0
56,7.3,0,1,0.36,0.21,0,0,99,1,0,26,True,True,0,0,0,0,199,3.43,3166,3322,No comms for 90s +,No comms for 90s +,N/A,Waiting for initial data,0,0,0
58,7.2,0,1,0.36,0.21,0,0,99,1,0,26,True,True,0,0,0,0,199,3.43,3166,3322,No comms for 90s +,No comms for 90s +,N/A,Waiting for initial data,0,0,0
60,7,0,1,0.36,0.21,0,0,99,1,0,26,True,True,0,0,0,0,199,3.43,3166,3322,No comms for 90s +,No comms for 90s +,N/A,Waiting for initial data,0,0,0
62,6.9,0,1,0.36,0.21,0,0,99,1,0,26,True,True,0,0,0,0,199,3.42,3156,3322,No comms for 90s +,No comms for 90s +,N/A,Waiting for initial data,0,0,0
64,6.8,0,1,0.35,0.21,0,0,99,1,0,25,True,True,0,0,0,0,199,3.41,3156,3322,No comms for 90s +,No comms for 90s +,N/A,Waiting for initial data,0,0,0
66,6.8,0,1,0.35,0.21,0,0,99,1,0,25,True,True,0,0,0,0,199,3.41,3156,3322,No comms for 90s +,No comms for 90s +,N/A,Waiting for initial data,0,0,0
68,7,0,1,0.36,0.21,0,0,99,1,0,25,True,True,0,0,0,0,199,3.41,3156,3322,No comms for 90s +,No comms for 90s +,N/A,Waiting for initial data,0,0,0
70,7.3,0,1,0.36,0.21,0,0,99,1,0,25,True,True,0,0,0,0,199,3.41,3156,3322,No comms for 90s +,No comms for 90s +,N/A,Waiting for initial data,0,0,0
72,7.2,0,1,0.36,0.21,0,0,99,1,0,25,True,True,0,0,0,0,199,3.4,3156,3322,No comms for 90s +,No comms for 90s +,N/A,Waiting for initial data,0,0,0
74,7.1,0,1,0.36,0.21,0,0,99,1,0,25,True,True,0,0,0,0,199,3.39,3156,3322,No comms for 90s +,No comms for 90s +,N/A,Waiting for initial data,0,0,0
76,7.1,0,1,0.36,0.21,0,0,99,1,0,25,True,True,0,0,0,0,199,3.39,3110,3320,No comms for 90s +,No comms for 90s +,N/A,Waiting for initial data,0,0,0
78,7.2,0,1,0.36,0.21,0,0,99,1,0,25,True,True,0,0,0,0,199,3.39,3110,3320,No comms for 90s +,No comms for 90s +,N/A,Waiting for initial data,0,0,0
80,7,0,1,0.36,0.21,0,0,99,1,0,25,True,True,0,0,0,0,200,3.39,3110,3320,No comms for 90s +,No comms for 90s +,N/A,Waiting for initial data,0,0,0
82,6.4,0,1,0.35,0.21,0,0,99,1,0,25,True,True,0,0,0,0,199,3.39,3088,3320,No comms for 90s +,No comms for 90s +,N/A,Waiting for initial data,0,0,0
84,6.6,0,1,0.35,0.21,0,0,99,1,0,25,True,True,0,0,0,0,199,3.4,3088,3320,No comms for 90s +,No comms for 90s +,N/A,Waiting for initial data,0,0,0
86,7,0,1,0.35,0.21,0,0,99,1,0,25,True,True,0,0,0,0,199,3.39,3076,3318,No comms for 90s +,No comms for 90s +,N/A,Waiting for initial data,0,0,0
88,7.1,0,1,0.36,0.21,0,0,99,1,0,25,True,True,0,0,0,0,199,3.4,3076,3318,No comms for 90s +,No comms for 90s +,N/A,Waiting for initial data,0,0,0
90,7.6,0,1,0.37,0.21,0,0,99,1,0,25,True,True,0,0,0,0,200,3.41,3076,3318,No comms for 90s +,No comms for 90s +,N/A,Waiting for initial data,0,0,0
92,8,0,1,0.38,0.21,0,0,99,1,0,24,True,True,0,0,0,0,199,3.41,3076,3318,No comms for 90s +,No comms for 90s +,N/A,Waiting for initial data,0,0,0
94,8.3,0,1,0.38,0.21,0,0,99,1,0,24,True,True,0,0,0,0,199,3.41,3076,3318,No comms for 90s +,No comms for 90s +,N/A,Waiting for initial data,0,0,0
96,8.5,0,1,0.39,0.21,0,0,99,1,0,24,True,True,0,0,0,0,199,3.41,3048,3318,No comms for 90s +,No comms for 90s +,N/A,Waiting for initial data,0,0,0
98,8.8,0,1,0.39,0.21,0,0,99,1,0,24,True,True,0,0,0,0,200,3.4,3048,3318,No comms for 90s +,No comms for 90s +,N/A,Waiting for initial data,0,0,0
100,9.1,0,1,0.4,0.21,0,0,99,1,0,24,True,True,0,0,0,0,199,3.4,3048,3318,No comms for 90s +,No comms for 90s +,N/A,Waiting for initial data,0,0,0
102,9.5,0,1,0.41,0.21,0,0,99,1,0,24,True,True,0,0,0,0,199,3.41,3036,3316,No comms for 90s +,No comms for 90s +,N/A,Waiting for initial data,0,0,0
104,9.7,0,1,0.41,0.21,0,0,99,1,0,24,True,True,0,0,0,0,199,3.41,3036,3316,No comms for 90s +,No comms for 90s +,N/A,Waiting for initial data,0,0,0
106,9.8,0,1,0.42,0.21,0,0,99,1,0,24,True,True,0,0,0,0,199,3.42,3036,3316,No comms for 90s +,No comms for 90s +,N/A,Waiting for initial data,0,0,0
108,10.1,0,1,0.42,0.21,0,0,99,1,0,24,True,True,0,0,0,0,199,3.41,3036,3316,No comms for 90s +,No comms for 90s +,N/A,Waiting for initial data,0,0,0
110,10.5,0,1,0.43,0.21,0,0,99,1,0,24,True,True,0,0,0,0,199,3.41,3036,3316,No comms for 90s +,No comms for 90s +,N/A,Waiting for initial data,0,0,0
112,10.9,0,1,0.44,0.21,0,0,99,1,0,24,True,True,0,0,0,0,199,3.4,3002,3316,No comms for 90s +,No comms for 90s +,N/A,Waiting for initial data,0,0,0
114,11.2,0,2,0.44,0.21,0,0,99,1,0,24,True,True,0,0,0,0,199,3.4,3002,3316,No comms for 90s +,No comms for 90s +,N/A,Waiting for initial data,0,0,0
116,11.7,0,2,0.45,0.21,0,0,99,1,0,24,True,True,0,0,0,0,199,3.41,3002,3316,No comms for 90s +,No comms for 90s +,N/A,Waiting for initial data,0,0,0
118,12.2,0,2,0.46,0.21,0,0,99,1,0,24,True,True,0,0,0,0,199,3.41,3002,3316,No comms for 90s +,No comms for 90s +,N/A,Waiting for initial data,0,0,0
120,12.8,0,2,0.48,0.21,0,0,99,1,0,23,True,True,0,0,0,0,200,3.4,3002,3316,No comms for 90s +,No comms for 90s +,N/A,Waiting for initial data,0,0,0
122,13,0,2,0.48,0.21,0,0,99,1,0,23,True,True,0,0,0,0,199,3.4,2970,3314,No comms for 90s +,No comms for 90s +,N/A,Waiting for initial data,0,0,0
124,13.7,0,2,0.49,0.21,0,0,89,1,0,23,True,True,0,0,0,0,199,3.4,2970,3314,No comms for 90s +,No comms for 90s +,N/A,Waiting for initial data,0,0,0
126,14.2,0,2,0.5,0.21,0,0,89,1,0,23,True,True,0,0,0,0,199,3.4,2958,3314,No comms for 90s +,No comms for 90s +,N/A,Waiting for initial data,0,0,0
128,14.8,0,2,0.52,0.21,0,0,89,1,0,23,True,True,0,0,0,0,199,3.41,2958,3314,No comms for 90s +,No comms for 90s +,N/A,Waiting for initial data,0,0,0
130,15.1,0,2,0.52,0.21,0,0,70,1,0,23,True,True,0,0,0,0,200,3.41,2958,3314,No comms for 90s +,No comms for 90s +,N/A,Waiting for initial data,0,0,0
132,15.5,0,2,0.53,0.21,0,0,70,1,0,23,True,True,0,0,0,0,199,3.41,2932,3312,No comms for 90s +,No comms for 90s +,N/A,Waiting for initial data,0,0,0
134,15.9,0,2,0.54,0.21,0,0,70,1,0,23,True,True,0,0,0,0,199,3.4,2932,3312,No comms for 90s +,No comms for 90s +,N/A,Waiting for initial data,0,0,0
136,15.9,0,2,0.54,0.21,0,0,70,1,0,23,True,True,0,0,0,0,199,3.4,2914,3308,No comms for 90s +,No comms for 90s +,N/A,Waiting for initial data,0,0,0
138,16.2,0,2,0.55,0.21,0,0,70,1,0,23,True,True,0,0,0,0,199,3.4,2914,3308,No comms for 90s +,No comms for 90s +,N/A,Waiting for initial data,0,0,0
140,16.6,0,2,0.55,0.21,0,0,54,1,0,23,True,True,0,0,0,0,200,3.41,2914,3308,No comms for 90s +,No comms for 90s +,N/A,Waiting for initial data,0,0,0
142,16.8,0,2,0.56,0.21,0,0,54,1,0,23,True,True,0,0,0,0,199,3.41,2898,3306,No comms for 90s +,No comms for 90s +,N/A,Waiting for initial data,0,0,0
144,16.9,0,2,0.56,0.21,0,0,54,1,0,23,True,True,0,0,0,0,199,3.41,2898,3306,No comms for 90s +,No comms for 90s +,N/A,Waiting for initial data,0,0,0
146,17.3,0,2,0.57,0.21,0,0,49,1,0,23,True,True,0,0,0,0,199,3.41,2884,3306,No comms for 90s +,No comms for 90s +,N/A,Waiting for initial data,0,0,0
148,17.7,0,2,0.58,0.21,0,0,49,1,0,23,True,True,0,0,0,0,199,3.4,2884,3306,No comms for 90s +,No comms for 90s +,N/A,Waiting for initial data,0,0,0
150,18,0,2,0.59,0.21,0,0,49,1,0,23,True,True,0,0,0,0,199,3.41,2884,3306,No comms for 90s +,No comms for 90s +,N/A,Waiting for initial data,0,0,0
152,18.3,0,2,0.59,0.21,0,0,49,1,0,23,True,True,0,0,0,0,199,3.41,2868,3306,No comms for 90s +,No comms for 90s +,N/A,Waiting for initial data,0,0,0
154,18.9,0,2,0.6,0.21,0,0,49,1,0,22,False,True,0,0,0,0,199,3.42,2868,3306,No comms for 90s +,No comms for 90s +,N/A,Waiting for initial data,0,0,0
156,19.2,0,2,0.61,0.21,0,0,49,1,0,22,False,True,0,0,0,0,199,3.41,2854,3306,No comms for 90s +,No comms for 90s +,17,93.27,0,0,0
158,19.4,0,2,0.61,0.21,0,0,37,1,0,22,False,True,0,0,0,0,199,3.41,2854,3306,No comms for 90s +,No comms for 90s +,17,93.27,0,0,0
160,19.7,0,2,0.62,0.21,0,0,37,1,0,22,False,True,0,0,0,0,199,3.4,2854,3306,No comms for 90s +,No comms for 90s +,17,93.27,0,0,0
162,20,0,2,0.63,0.21,0,0,33,1,0,22,False,True,0,0,0,0,199,3.4,2842,3304,No comms for 90s +,No comms for 90s +,17,90.57,0,0,0
164,20.3,0,2,0.63,0.21,0,0,33,1,0,22,False,True,0,0,0,0,199,3.41,2842,3304,No comms for 90s +,No comms for 90s +,17,90.57,0,0,0
166,20.7,0,2,0.64,0.21,0,0,33,1,0,22,False,True,0,0,0,0,199,3.42,2822,3304,No comms for 90s +,No comms for 90s +,17,89.61,0,0,0
168,21.1,0,2,0.65,0.21,0,0,33,1,0,22,False,True,0,0,0,0,200,3.42,2822,3304,No comms for 90s +,No comms for 90s +,17,89.61,0,0,0
170,21.4,0,2,0.66,0.21,0,0,33,1,0,22,False,True,0,0,0,0,200,3.42,2822,3304,No comms for 90s +,No comms for 90s +,17,89.61,0,0,0
172,21.6,0,2,0.66,0.21,0,0,33,1,0,22,False,True,0,0,0,0,199,3.41,2794,3302,No comms for 90s +,No comms for 90s +,16,91.17,0,0,0
174,22.2,0,3,0.67,0.21,0,0,26,1,0,22,False,True,0,0,0,0,199,3.42,2794,3302,No comms for 90s +,No comms for 90s +,16,91.17,0,0,0
176,22.8,0,3,0.69,0.21,0,0,26,1,0,22,False,True,0,0,0,0,199,3.42,2772,3302,No comms for 90s +,No comms for 90s +,16,90.82999,0,0,0
178,23.1,0,3,0.69,0.21,0,0,26,1,0,22,False,True,0,0,0,0,199,3.42,2772,3302,No comms for 90s +,No comms for 90s +,16,90.82999,0,0,0
180,23.6,0,3,0.7,0.21,0,0,23,1,0,22,False,True,0,0,0,0,199,3.42,2772,3302,No comms for 90s +,No comms for 90s +,16,90.82999,0,0,0
182,24.3,0,3,0.72,0.21,0,0,23,1,0,22,False,True,0,0,0,0,199,3.41,2760,3302,No comms for 90s +,No comms for 90s +,16,88.7,0,0,0
184,24.7,0,3,0.73,0.21,0,0,23,1,0,22,False,True,0,0,0,0,199,3.41,2760,3302,No comms for 90s +,No comms for 90s +,16,88.7,0,0,0
186,25.1,0,3,0.73,0.21,0,0,23,1,0,22,False,True,0,0,0,0,199,3.39,2740,3302,No comms for 90s +,No comms for 90s +,16,86.89,0,0,0
188,25.7,0,3,0.75,0.21,0,0,23,1,0,22,False,True,0,0,0,0,199,3.4,2740,3300,No comms for 90s +,No comms for 90s +,16,86.89,0,0,0
190,26,0,3,0.75,0.21,0,0,17,1,0,22,False,True,0,0,0,0,199,3.4,2740,3300,No comms for 90s +,No comms for 90s +,16,86.89,0,0,0
192,26.4,0,3,0.76,0.21,0,0,17,1,0,21,False,True,0,0,0,0,199,3.4,2716,3298,No comms for 90s +,No comms for 90s +,15,86.23,0,0,0
194,26.6,0,3,0.76,0.21,0,0,17,1,0,21,False,True,0,0,0,0,199,3.42,2716,3298,No comms for 90s +,No comms for 90s +,15,86.23,0,0,0
196,26.8,0,3,0.77,0.21,0,0,16,1,0,21,False,True,0,0,0,0,199,3.41,2694,3298,No comms for 90s +,No comms for 90s +,15,85.21,0,0,0
198,27,0,3,0.77,0.21,0,0,16,1,0,21,False,True,0,0,0,0,199,3.41,2694,3296,No comms for 90s +,No comms for 90s +,15,85.21,0,0,0
200,27.2,0,3,0.78,0.21,0,0,16,1,0,21,False,True,0,0,0,0,199,3.42,2694,3296,No comms for 90s +,No comms for 90s +,15,85.21,0,0,0
202,27.3,0,3,0.78,0.21,0,0,16,1,0,21,False,True,0,0,0,0,199,3.42,2672,3296,No comms for 90s +,No comms for 90s +,15,83.04,0,0,0
204,27.5,0,3,0.78,0.21,0,0,16,1,0,21,False,True,0,0,0,0,199,3.42,2672,3296,No comms for 90s +,No comms for 90s +,15,83.04,0,0,0
206,27.6,0,3,0.78,0.21,0,0,15,1,0,21,False,True,0,0,0,0,199,3.41,2656,3296,No comms for 90s +,No comms for 90s +,14,80.92,0,0,0
208,27.9,0,3,0.79,0.21,0,0,15,1,0,21,False,True,0,0,0,0,199,3.4,2656,3296,No comms for 90s +,No comms for 90s +,14,80.92,0,0,0
210,28.2,0,3,0.8,0.21,0,0,15,1,0,21,False,True,0,0,0,0,199,3.41,2656,3296,No comms for 90s +,No comms for 90s +,14,80.92,0,0,0
212,28.7,0,3,0.81,0.21,0,0,13,1,0,21,False,True,0,0,0,0,199,3.41,2636,3296,No comms for 90s +,No comms for 90s +,14,79.53,0,0,0
214,29.1,0,3,0.82,0.21,0,0,13,1,0,21,False,True,0,0,0,0,199,3.42,2636,3296,No comms for 90s +,No comms for 90s +,14,79.53,0,0,0
216,29.4,0,3,0.82,0.21,0,0,13,1,0,21,False,True,0,0,0,0,199,3.41,2614,3296,No comms for 90s +,No comms for 90s +,14,78.56,0,0,0
218,29.7,0,3,0.83,0.21,0,0,13,1,0,21,False,True,0,0,0,0,200,3.4,2614,3296,No comms for 90s +,No comms for 90s +,14,78.56,0,0,0
220,30,0,3,0.83,0.21,0,0,13,1,0,21,False,True,0,0,0,0,199,3.4,2614,3296,No comms for 90s +,No comms for 90s +,14,78.56,0,0,0
222,30.4,0,3,0.84,0.21,0,0,13,1,0,21,False,True,0,0,0,0,199,3.41,2590,3294,No comms for 90s +,No comms for 90s +,14,77.98,0,0,0
224,30.7,0,3,0.85,0.21,0,0,11,1,0,21,False,True,0,0,0,0,199,3.41,2590,3294,No comms for 90s +,No comms for 90s +,14,77.98,0,0,0
226,31,0,3,0.85,0.21,0,0,11,1,0,21,False,True,0,0,0,0,199,3.42,2584,3294,No comms for 90s +,No comms for 90s +,14,74.33,0,0,0
228,31.3,0,4,0.86,0.21,0,0,10,1,0,21,False,True,0,0,0,0,200,3.42,2584,3294,No comms for 90s +,No comms for 90s +,14,74.33,0,0,0
230,31.6,0,4,0.87,0.21,0,0,10,1,0,21,False,True,0,0,0,0,199,3.41,2584,3294,No comms for 90s +,No comms for 90s +,14,74.33,0,0,0
232,31.9,0,4,0.87,0.21,0,0,10,1,0,21,False,True,0,0,0,0,199,3.41,2554,3294,No comms for 90s +,No comms for 90s +,13,74.34,0,0,0
234,32.3,0,4,0.88,0.21,0,0,10,1,0,21,False,True,0,0,0,0,199,3.41,2554,3294,No comms for 90s +,No comms for 90s +,13,74.34,0,0,0
236,32.7,0,4,0.89,0.21,0,0,10,1,0,21,False,True,0,0,0,0,199,3.41,2550,3294,No comms for 90s +,No comms for 90s +,13,70.35,0,0,0
238,33.1,0,4,0.9,0.21,0,0,10,1,0,20,False,True,0,0,0,0,199,3.42,2550,3292,No comms for 90s +,No comms for 90s +,13,70.35,0,0,0
240,33.4,0,4,0.9,0.21,0,0,9,1,0,20,False,True,0,0,0,0,199,3.42,2550,3292,No comms for 90s +,No comms for 90s +,13,70.35,0,0,0
242,33.6,0,4,0.91,0.21,0,0,9,1,0,20,False,True,0,0,0,0,199,3.41,2526,3290,No comms for 90s +,No comms for 90s +,13,70.18,0,0,0
244,33.9,0,4,0.92,0.21,0,0,9,1,0,20,False,True,0,0,0,0,199,3.41,2526,3290,No comms for 90s +,No comms for 90s +,13,70.18,0,0,0
246,34,0,4,0.92,0.21,0,0,8,1,0,20,False,True,0,0,0,0,199,3.41,2512,3290,No comms for 90s +,No comms for 90s +,13,68.84,0,0,0
248,34.4,0,4,0.93,0.21,0,0,8,1,0,20,False,True,0,0,0,0,200,3.42,2512,3264,No comms for 90s +,No comms for 90s +,13,68.84,0,0,0
250,34.8,0,4,0.93,0.21,0,0,8,1,0,20,False,True,0,0,0,0,199,3.42,2512,3264,No comms for 90s +,No comms for 90s +,13,68.84,0,0,0
252,35.2,0,4,0.94,0.21,0,0,8,1,0,20,False,True,0,0,0,0,199,3.42,2522,3230,No comms for 90s +,No comms for 90s +,13,65.42,0,0,0
254,35.8,0,4,0.95,0.21,0,0,8,1,0,20,False,True,0,0,0,0,199,3.42,2522,3230,No comms for 90s +,No comms for 90s +,13,65.42,0,0,0
256,36.3,0,4,0.97,0.21,0,0,7,1,0,20,False,True,0,0,0,0,200,3.41,2532,3230,No comms for 90s +,No comms for 90s +,13,64.17,0,0,0
258,36.7,0,4,0.97,0.21,0,0,7,1,0,20,False,True,0,0,0,0,199,3.42,2532,3194,No comms for 90s +,No comms for 90s +,13,64.17,0,0,0
260,37.2,0,4,0.98,0.21,0,0,7,1,0,20,False,True,0,0,0,0,199,3.42,2532,3194,No comms for 90s +,No comms for 90s +,13,64.17,0,0,0
262,37.4,0,4,0.9899999,0.21,0,0,7,1,0,20,False,True,0,0,0,0,199,3.42,2538,3152,No comms for 90s +,No comms for 90s +,13,64.32,0,0,0
264,37.7,0,4,1,0.21,0,0,7,1,0,20,False,True,0,0,0,0,199,3.42,2538,3152,No comms for 90s +,No comms for 90s +,13,64.32,0,0,0
266,38,0,4,1,0.21,0,0,7,1,0,20,False,True,0,0,0,0,199,3.42,2546,3152,No comms for 90s +,No comms for 90s +,13,65.53,0,0,0
268,38.4,0,4,1.01,0.21,0,0,7,1,0,20,False,True,0,0,0,0,199,3.41,2546,3126,No comms for 90s +,No comms for 90s +,13,65.53,0,0,0
270,38.8,0,4,1.02,0.21,0,0,7,1,0,20,False,True,0,0,0,0,199,3.42,2546,3126,No comms for 90s +,No comms for 90s +,13,65.53,0,0,0
272,39.2,0,4,1.03,0.21,0,0,6,1,0,20,False,True,0,0,0,0,199,3.42,2550,3092,No comms for 90s +,No comms for 90s +,13,64.86,0,0,0
274,39.6,0,4,1.03,0.21,0,0,6,1,0,20,False,True,0,0,0,0,199,3.43,2550,3092,No comms for 90s +,No comms for 90s +,13,64.86,0,0,0
276,40,0,4,1.04,0.21,0,0,6,1,0,20,False,True,0,0,0,0,200,3.43,2554,3092,No comms for 90s +,No comms for 90s +,13,65.48,0,0,0
278,40.3,0,4,1.05,0.21,0,0,5,1,0,20,False,True,0,0,0,0,199,3.42,2554,3060,No comms for 90s +,No comms for 90s +,13,65.48,0,0,0
280,40.6,0,4,1.05,0.21,0,0,5,1,0,20,False,True,0,0,0,0,199,3.42,2554,3060,No comms for 90s +,No comms for 90s +,13,65.48,0,0,0
282,40.7,0,4,1.06,0.21,0,0,5,1,0,20,False,True,0,0,0,0,199,3.42,2556,3026,No comms for 90s +,No comms for 90s +,12,66.21,0,0,0
284,41,0,4,1.06,0.21,0,0,5,1,0,20,False,True,0,0,0,0,199,3.43,2556,3026,No comms for 90s +,No comms for 90s +,12,66.21,0,0,0
286,41.3,0,4,1.07,0.21,0,0,5,1,0,19,False,True,0,0,0,0,199,3.43,2562,2970,No comms for 90s +,No comms for 90s +,12,72.54,0,0,0
288,41.4,0,4,1.07,0.21,0,0,5,1,0,19,False,True,0,0,0,0,199,3.43,2562,2970,No comms for 90s +,No comms for 90s +,12,72.54,0,0,0
290,41.7,0,5,1.08,0.21,0,0,5,1,0,19,False,True,0,0,0,0,199,3.43,2562,2970,No comms for 90s +,No comms for 90s +,12,72.54,0,0,0
292,42.1,0,5,1.08,0.21,0,0,5,1,0,19,False,True,0,0,0,0,199,3.42,2564,2938,No comms for 90s +,No comms for 90s +,11,71.32,0,0,0
294,42.2,0,5,1.09,0.21,0,0,4,1,0,19,False,True,0,0,0,0,199,3.43,2564,2938,No comms for 90s +,No comms for 90s +,11,71.32,0,0,0
296,42.3,0,5,1.09,0.21,0,0,4,1,0,19,False,True,0,0,0,0,199,3.43,2564,2938,No comms for 90s +,No comms for 90s +,11,71.32,0,0,0
298,42.2,0,5,1.09,0.21,0,0,4,1,0,19,False,True,0,0,0,0,199,3.43,2564,2938,No comms for 90s +,No comms for 90s +,11,71.32,0,0,0
300,42.1,0,5,1.09,0.21,0,0,4,1,0,19,False,True,0,0,0,0,199,3.43,2564,2938,No comms for 90s +,No comms for 90s +,11,71.32,0,0,0
302,42.3,0,5,1.09,0.21,0,0,4,1,0,19,False,True,0,0,0,0,199,3.42,2568,2872,No comms for 90s +,No comms for 90s +,10,71.72,0,0,0
304,42.6,0,5,1.1,0.21,0,0,4,1,0,19,False,True,0,0,0,0,199,3.42,2568,2872,No comms for 90s +,No comms for 90s +,10,71.72,0,0,0
306,43.2,0,5,1.11,0.21,0,0,4,1,0,19,False,True,0,0,0,0,200,3.42,2570,2822,No comms for 90s +,No comms for 90s +,10,73.65,0,0,0
308,44,0,5,1.13,0.21,0,0,4,1,0,19,False,True,0,0,0,0,199,3.43,2570,2822,No comms for 90s +,No comms for 90s +,10,73.65,0,0,0
310,44.1,0,5,1.13,0.21,0,0,4,1,0,19,False,True,0,0,0,0,199,3.43,2570,2822,No comms for 90s +,No comms for 90s +,10,73.65,0,0,0
312,44,0,5,1.13,0.21,0,0,4,1,0,19,False,True,0,0,0,0,199,3.43,2570,2780,No comms for 90s +,No comms for 90s +,9,77.2,0,0,0
314,43.9,0,5,1.12,0.21,0,0,4,1,0,19,False,True,0,0,0,0,199,3.43,2570,2780,No comms for 90s +,No comms for 90s +,9,77.2,0,0,0
316,43.8,0,5,1.12,0.21,0,0,4,1,0,19,False,True,0,0,0,0,200,3.42,2578,2740,No comms for 90s +,No comms for 90s +,9,73.95,0,0,0
318,43.8,0,5,1.12,0.21,0,0,4,1,0,19,False,True,0,0,0,0,199,3.42,2578,2740,No comms for 90s +,No comms for 90s +,9,73.95,0,0,0
320,44.1,0,5,1.13,0.21,0,0,4,1,0,19,False,True,0,0,0,0,199,3.42,2578,2740,No comms for 90s +,No comms for 90s +,9,73.95,0,0,0
322,44.1,0,5,1.13,0.21,0,0,3,1,0,19,False,True,0,0,0,0,199,3.42,2580,2718,No comms for 90s +,No comms for 90s +,9,72.42,0,0,0
324,44.1,0,5,1.13,0.21,0,0,3,1,0,19,False,True,0,0,0,0,199,3.42,2580,2718,No comms for 90s +,No comms for 90s +,9,72.42,0,0,0
326,44.1,0,5,1.13,0.21,0,0,3,1,0,19,False,True,0,0,0,0,200,3.42,2582,2694,No comms for 90s +,No comms for 90s +,8,72.04,0,0,0
328,43.9,0,5,1.12,0.21,0,0,3,1,0,19,False,True,0,0,0,0,199,3.41,2582,2694,No comms for 90s +,No comms for 90s +,8,72.04,0,0,0
330,44,0,5,1.12,0.21,0,0,3,1,0,19,False,True,0,0,0,0,199,3.42,2582,2694,No comms for 90s +,No comms for 90s +,8,72.04,0,0,0
332,44,0,5,1.12,0.21,0,0,3,1,0,19,False,True,0,0,0,0,199,3.42,2582,2650,No comms for 90s +,No comms for 90s +,8,75.79,0,0,0
334,44.1,0,5,1.13,0.21,0,0,3,1,0,19,False,True,0,0,0,0,199,3.42,2582,2650,No comms for 90s +,No comms for 90s +,8,75.79,0,0,0
336,44,0,5,1.13,0.21,0,0,3,1,0,19,False,True,0,0,0,0,200,3.42,2582,2628,No comms for 90s +,No comms for 90s +,8,77.2,0,0,0
338,44,0,5,1.12,0.21,0,0,3,1,0,19,False,True,0,0,0,0,199,3.41,2582,2628,No comms for 90s +,No comms for 90s +,8,77.2,0,0,0
340,43.9,0,5,1.12,0.21,0,0,3,1,0,19,False,True,0,0,0,0,199,3.41,2582,2628,No comms for 90s +,No comms for 90s +,8,77.2,0,0,0
342,43.9,0,5,1.12,0.21,0,0,3,1,0,19,False,True,0,0,0,0,199,3.41,2588,2596,No comms for 90s +,No comms for 90s +,8,71.99,0,0,0
344,43.8,0,5,1.12,0.21,0,0,3,1,0,19,False,True,0,0,0,0,199,3.42,2588,2596,No comms for 90s +,No comms for 90s +,8,71.99,0,0,0
346,43.9,0,5,1.13,0.21,0,0,3,1,0,19,False,True,0,0,0,0,200,3.42,2588,2562,No comms for 90s +,No comms for 90s +,7,74.23,0,0,0
348,43.7,0,5,1.12,0.21,0,0,3,1,0,19,False,True,0,0,0,0,199,3.43,2588,2562,No comms for 90s +,No comms for 90s +,7,74.23,0,0,0
350,43.9,0,5,1.12,0.21,0,0,3,1,0,18,False,True,0,0,0,0,199,3.42,2588,2562,No comms for 90s +,No comms for 90s +,7,74.23,0,0,0
352,43.9,0,5,1.12,0.21,0,0,3,1,0,18,False,True,0,0,0,0,199,3.41,2588,2542,No comms for 90s +,No comms for 90s +,7,75.47,0,0,0
354,43.8,0,5,1.12,0.21,0,0,3,1,0,18,False,True,0,0,0,0,199,3.41,2588,2542,No comms for 90s +,No comms for 90s +,7,75.47,0,0,0
356,43.8,0,5,1.12,0.21,0,0,3,1,0,18,False,True,0,0,0,0,199,3.41,2592,2496,No comms for 90s +,No comms for 90s +,7,79.33,0,0,0
358,43.7,0,5,1.12,0.21,0,0,3,1,0,18,False,True,0,0,0,0,199,3.41,2592,2496,No comms for 90s +,No comms for 90s +,7,79.33,0,0,0
360,43.4,0,5,1.12,0.21,0,0,3,1,0,18,False,True,0,0,0,0,199,3.41,2592,2496,No comms for 90s +,No comms for 90s +,7,79.33,0,0,0
362,42.9,0,5,1.1,0.21,0,0,3,1,0,18,False,True,0,0,0,0,199,3.41,2592,2478,No comms for 90s +,No comms for 90s +,7,80.05,0,0,0
364,42.7,0,5,1.1,0.21,0,0,3,1,0,18,False,True,0,0,0,0,199,3.42,2592,2478,No comms for 90s +,No comms for 90s +,7,80.05,0,0,0
366,42.8,0,5,1.1,0.21,0,0,3,1,0,18,False,True,0,0,0,0,199,3.41,2594,2458,No comms for 90s +,No comms for 90s +,7,80.16,0,0,0
368,42.8,0,5,1.1,0.21,0,0,3,1,0,18,False,True,0,0,0,0,199,3.42,2594,2458,No comms for 90s +,No comms for 90s +,7,80.16,0,0,0
370,42.8,0,5,1.1,0.21,0,0,3,1,0,18,False,True,0,0,0,0,199,3.43,2594,2458,No comms for 90s +,No comms for 90s +,7,80.16,0,0,0
372,42.7,0,5,1.1,0.21,0,0,3,1,0,18,False,True,0,0,0,0,199,3.42,2594,2434,No comms for 90s +,No comms for 90s +,7,80.68999,0,0,0
374,42.7,0,5,1.1,0.21,0,0,3,1,0,18,False,True,0,0,0,0,199,3.42,2594,2434,No comms for 90s +,No comms for 90s +,7,80.68999,0,0,0
376,42.9,0,5,1.1,0.21,0,0,3,1,0,18,False,True,0,0,0,0,199,3.41,2596,2422,No comms for 90s +,No comms for 90s +,7,78.08,0,0,0
378,42.9,0,5,1.1,0.21,0,0,3,1,0,18,False,True,0,0,0,0,199,3.42,2596,2422,No comms for 90s +,No comms for 90s +,7,78.08,0,0,0
380,42.9,0,5,1.1,0.21,0,0,3,1,0,18,False,True,0,0,0,0,199,3.42,2596,2422,No comms for 90s +,No comms for 90s +,7,78.08,0,0,0
382,43.1,0,5,1.11,0.21,0,0,3,1,0,18,False,True,0,0,0,0,199,3.42,2596,2398,No comms for 90s +,No comms for 90s +,7,76.53,0,0,0
384,43.1,0,5,1.11,0.21,0,0,3,1,0,18,False,True,0,0,0,0,200,3.42,2596,2398,No comms for 90s +,No comms for 90s +,7,76.53,0,0,0
386,43.3,0,5,1.11,0.21,0,0,3,1,0,18,False,True,0,0,0,0,199,3.42,2598,2378,No comms for 90s +,No comms for 90s +,7,74.08,0,0,0
388,43.4,0,5,1.11,0.21,0,0,3,1,0,18,False,True,0,0,0,0,199,3.41,2598,2378,No comms for 90s +,No comms for 90s +,7,74.08,0,0,0
390,43.5,0,5,1.11,0.21,0,0,3,1,0,18,False,True,0,0,0,0,199,3.42,2598,2378,No comms for 90s +,No comms for 90s +,7,74.08,0,0,0
392,43.5,0,5,1.12,0.21,0,0,3,1,0,18,False,True,0,0,0,0,199,3.42,2598,2374,No comms for 90s +,No comms for 90s +,7,71.68,0,0,0
394,43.5,0,5,1.11,0.21,0,0,2,1,0,18,False,True,0,0,0,0,200,3.43,2598,2374,No comms for 90s +,No comms for 90s +,7,71.68,0,0,0
396,43.6,0,5,1.12,0.21,0,0,2,1,0,18,False,True,0,0,0,0,199,3.42,2600,2350,No comms for 90s +,No comms for 90s +,7,70.48,0,0,0
398,43.7,0,5,1.12,0.21,0,0,2,1,0,18,False,True,0,0,0,0,199,3.42,2600,2350,No comms for 90s +,No comms for 90s +,7,70.48,0,0,0
400,43.8,0,5,1.12,0.21,0,0,2,1,0,18,False,True,0,0,0,0,199,3.41,2600,2350,No comms for 90s +,No comms for 90s +,7,70.48,0,0,0
402,43.8,0,5,1.12,0.21,0,0,2,1,0,18,False,True,0,0,0,0,199,3.41,2600,2326,No comms for 90s +,No comms for 90s +,7,69.52,0,0,0
404,43.8,0,5,1.12,0.21,0,0,2,1,0,18,False,True,0,0,0,0,199,3.42,2600,2326,No comms for 90s +,No comms for 90s +,7,69.52,0,0,0
406,43.8,0,5,1.12,0.21,0,0,2,1,0,18,False,True,0,0,0,0,199,3.42,2602,2312,No comms for 90s +,No comms for 90s +,7,62.18,0,0,0
408,43.9,0,5,1.12,0.21,0,0,2,1,0,18,False,True,0,0,0,0,199,3.42,2602,2312,No comms for 90s +,No comms for 90s +,7,62.18,0,0,0
410,44,0,5,1.13,0.21,0,0,2,1,0,18,False,True,0,0,0,0,199,3.42,2602,2312,No comms for 90s +,No comms for 90s +,7,62.18,0,0,0
412,44.1,0,5,1.13,0.21,0,0,2,1,0,18,False,True,0,0,0,0,199,3.41,2602,2300,No comms for 90s +,No comms for 90s +,7,60.16,0,0,0
414,44.1,0,5,1.13,0.21,0,0,2,1,0,18,False,True,0,0,0,0,200,3.42,2602,2300,No comms for 90s +,No comms for 90s +,7,60.16,0,0,0
416,44.1,0,5,1.13,0.21,0,0,2,1,0,18,False,True,0,0,0,0,199,3.42,2602,2266,No comms for 90s +,No comms for 90s +,7,60.16,0,0,0
418,44.1,0,5,1.13,0.21,0,0,2,1,0,18,False,True,0,0,0,0,199,3.43,2602,2266,No comms for 90s +,No comms for 90s +,7,60.16,0,0,0
420,44.1,0,5,1.13,0.21,0,0,2,1,0,18,False,True,0,0,0,0,199,3.42,2602,2266,No comms for 90s +,No comms for 90s +,7,60.16,0,0,0
422,44,0,5,1.13,0.21,0,0,2,1,0,18,False,True,0,0,0,0,199,3.42,2604,2266,No comms for 90s +,No comms for 90s +,8,56.98,0,0,0
424,43.9,0,5,1.12,0.21,0,0,2,1,0,18,False,True,0,0,0,0,200,3.41,2604,2266,No comms for 90s +,No comms for 90s +,8,56.98,0,0,0
426,44,0,5,1.12,0.21,0,0,2,1,0,18,False,True,0,0,0,0,199,3.41,2604,2258,No comms for 90s +,No comms for 90s +,8,52.96,0,0,0
428,44,0,5,1.12,0.21,0,0,2,1,0,18,False,True,0,0,0,0,199,3.42,2604,2258,No comms for 90s +,No comms for 90s +,8,52.96,0,0,0
430,44,0,5,1.13,0.21,0,0,2,1,0,18,False,True,0,0,0,0,199,3.42,2604,2258,No comms for 90s +,No comms for 90s +,8,52.96,0,0,0
432,44,0,5,1.12,0.21,0,0,2,1,0,18,False,True,0,0,0,0,199,3.42,2604,2232,No comms for 90s +,No comms for 90s +,9,51.42,0,0,0
434,44,0,5,1.13,0.21,0,0,2,1,0,18,False,True,0,0,0,0,200,3.41,2604,2232,No comms for 90s +,No comms for 90s +,9,51.42,0,0,0
436,44.1,0,5,1.13,0.21,0,0,2,1,0,18,False,True,0,0,0,0,199,3.41,2606,2210,No comms for 90s +,No comms for 90s +,9,49.73,0,0,0
438,44,0,5,1.13,0.21,0,0,2,1,0,17,False,True,0,0,0,0,199,3.41,2606,2210,No comms for 90s +,No comms for 90s +,9,49.73,0,0,0
440,43.8,0,5,1.12,0.21,0,0,2,1,0,17,False,True,0,0,0,0,199,3.42,2606,2210,No comms for 90s +,No comms for 90s +,9,49.73,0,0,0
442,43.8,0,5,1.12,0.21,0,0,2,1,0,17,False,True,0,0,0,0,199,3.42,2604,2206,No comms for 90s +,No comms for 90s +,9,48.04,0,0,0
444,43.8,0,5,1.12,0.21,0,0,2,1,0,17,False,True,0,0,0,0,199,3.42,2604,2206,No comms for 90s +,No comms for 90s +,9,48.04,0,0,0
446,43.8,0,5,1.12,0.21,0,0,2,1,0,17,False,True,0,0,0,0,199,3.41,2606,2192,No comms for 90s +,No comms for 90s +,10,47.12,0,0,0
448,43.9,0,5,1.12,0.21,0,0,2,1,0,17,False,True,0,0,0,0,199,3.4,2606,2192,No comms for 90s +,No comms for 90s +,10,47.12,0,0,0
450,43.7,0,5,1.12,0.21,0,0,2,1,0,17,False,True,0,0,0,0,199,3.41,2606,2192,No comms for 90s +,No comms for 90s +,10,47.12,0,0,0
452,43.8,0,5,1.12,0.21,0,0,2,1,0,17,False,True,0,0,0,0,199,3.41,2606,2172,No comms for 90s +,No comms for 90s +,10,47.12,0,0,0
454,43.8,0,5,1.12,0.21,0,0,1,1,0,17,False,True,0,0,0,0,200,3.42,2606,2172,No comms for 90s +,No comms for 90s +,10,47.12,0,0,0
456,43.8,0,5,1.12,0.21,0,0,1,1,0,17,False,True,0,0,0,0,199,3.42,2608,2172,No comms for 90s +,No comms for 90s +,11,42.82,0,0,0
458,43.8,0,5,1.12,0.21,0,0,1,1,0,17,False,True,0,0,0,0,199,3.41,2608,2162,No comms for 90s +,No comms for 90s +,11,42.82,0,0,0
460,43.8,0,5,1.12,0.21,0,0,1,1,0,17,False,True,0,0,0,0,199,3.41,2608,2162,No comms for 90s +,No comms for 90s +,11,42.82,0,0,0
462,43.8,0,5,1.12,0.21,0,0,1,1,0,17,False,True,0,0,0,0,199,3.41,2608,2132,No comms for 90s +,No comms for 90s +,11,40.76,0,0,0
464,43.8,0,5,1.12,0.21,0,0,1,1,0,17,False,True,0,0,0,0,199,3.41,2608,2132,No comms for 90s +,No comms for 90s +,11,40.76,0,0,0
466,43.7,0,5,1.12,0.21,0,0,1,1,0,17,False,True,0,0,0,0,199,3.42,2608,2132,No comms for 90s +,No comms for 90s +,11,40.76,0,0,0
468,43.7,0,5,1.12,0.21,0,0,1,1,0,17,False,True,0,0,0,0,199,3.42,2608,2132,No comms for 90s +,No comms for 90s +,12,40.39,0,0,0
470,43.6,0,5,1.12,0.21,0,0,1,1,0,17,False,True,0,0,0,0,199,3.42,2608,2132,No comms for 90s +,No comms for 90s +,12,40.39,0,0,0
472,43.5,0,5,1.11,0.21,0,0,1,1,0,17,False,True,0,0,0,0,199,3.41,2608,2132,No comms for 90s +,No comms for 90s +,12,38.52,0,0,0
474,43.5,0,5,1.11,0.21,0,0,1,1,0,17,False,True,0,0,0,0,199,3.41,2608,2108,No comms for 90s +,No comms for 90s +,12,38.52,0,0,0
476,43.6,0,5,1.12,0.21,0,0,1,1,0,17,False,True,0,0,0,0,199,3.41,2608,2108,No comms for 90s +,No comms for 90s +,12,38.52,0,0,0
478,43.6,0,5,1.12,0.21,0,0,1,1,0,17,False,True,0,0,0,0,199,3.42,2608,2108,No comms for 90s +,No comms for 90s +,13,36.46,0,0,0
480,43.7,0,5,1.12,0.21,0,0,1,1,0,17,False,True,0,0,0,0,199,3.42,2608,2108,No comms for 90s +,No comms for 90s +,13,36.46,0,0,0
482,43.8,0,5,1.12,0.21,0,0,1,1,0,17,False,True,0,0,0,0,199,3.41,2610,2108,No comms for 90s +,No comms for 90s +,13,34.78,0,0,0
484,43.8,0,5,1.12,0.21,0,0,1,1,0,17,False,True,0,0,0,0,199,3.41,2610,2092,No comms for 90s +,No comms for 90s +,13,34.78,0,0,0
486,43.8,0,5,1.12,0.21,0,0,1,1,0,17,False,True,0,0,0,0,199,3.41,2610,2092,No comms for 90s +,No comms for 90s +,13,34.78,0,0,0
488,43.8,0,5,1.12,0.21,0,0,1,1,0,17,False,True,0,0,0,0,199,3.41,2610,2088,No comms for 90s +,No comms for 90s +,14,34.76,0,0,0
490,43.8,0,5,1.12,0.21,0,0,1,1,0,17,False,True,0,0,0,0,199,3.42,2610,2088,No comms for 90s +,No comms for 90s +,14,34.76,0,0,0
492,43.9,0,5,1.12,0.21,0,0,1,1,0,17,False,True,0,0,0,0,199,3.42,2610,2088,No comms for 90s +,No comms for 90s +,14,34.76,0,0,0
494,43.9,0,5,1.12,0.21,0,0,1,1,0,17,False,True,0,0,0,0,199,3.42,2610,2080,No comms for 90s +,No comms for 90s +,14,34.76,0,0,0
496,43.9,0,5,1.12,0.21,0,0,1,1,0,17,False,True,0,0,0,0,199,3.41,2610,2080,No comms for 90s +,No comms for 90s +,14,34.76,0,0,0
498,43.9,0,5,1.12,0.21,0,0,1,1,0,17,False,True,0,0,0,0,199,3.41,2610,2044,No comms for 90s +,No comms for 90s +,15,32.08,0,0,0
500,43.8,0,5,1.12,0.21,0,0,1,1,0,17,False,True,0,0,0,0,199,3.42,2610,2044,No comms for 90s +,No comms for 90s +,15,32.08,0,0,0
502,43.8,0,5,1.12,0.21,0,0,1,1,0,17,False,True,0,0,0,0,199,3.42,2610,2044,No comms for 90s +,No comms for 90s +,16,33.18,0,0,0
504,43.9,0,5,1.12,0.21,0,0,0,1,0,17,False,True,0,0,0,0,200,3.42,2610,2040,No comms for 90s +,No comms for 90s +,16,33.18,0,0,0
506,43.9,0,5,1.12,0.21,0,0,0,1,0,17,False,True,0,0,0,0,199,3.41,2610,2040,No comms for 90s +,No comms for 90s +,16,33.18,0,0,0
508,43.8,0,5,1.12,0.21,0,0,0,1,0,17,False,True,0,0,0,0,199,3.41,2612,2032,No comms for 90s +,No comms for 90s +,16,31.66,0,0,0
510,43.7,0,5,1.12,0.21,0,0,0,1,0,17,False,True,0,0,0,0,199,3.41,2612,2032,No comms for 90s +,No comms for 90s +,16,31.66,0,0,0
512,43.7,0,5,1.12,0.21,0,0,0,1,0,17,False,True,0,0,0,0,199,3.41,2610,2032,No comms for 90s +,No comms for 90s +,16,32.03,0,0,0
514,43.7,0,5,1.12,0.21,0,0,0,1,0,17,False,True,0,0,0,0,199,3.42,2610,2010,No comms for 90s +,No comms for 90s +,16,32.03,0,0,0
516,43.7,0,5,1.12,0.21,0,0,0,1,0,17,False,True,0,0,0,0,199,3.42,2610,2010,No comms for 90s +,No comms for 90s +,16,32.03,0,0,0
518,43.7,0,5,1.12,0.21,0,0,0,1,0,17,False,True,0,0,0,0,199,3.41,2614,1998,No comms for 90s +,No comms for 90s +,17,31.83,0,0,0
520,43.8,0,5,1.12,0.21,0,0,0,1,0,17,False,True,0,0,0,0,199,3.41,2614,1998,No comms for 90s +,No comms for 90s +,17,31.83,0,0,0
522,43.7,0,5,1.12,0.21,0,0,0,1,0,17,False,True,0,0,0,0,199,3.4,2612,1972,No comms for 90s +,No comms for 90s +,17,33.14,0,0,0
524,43.7,0,5,1.12,0.21,0,0,0,1,0,17,False,True,0,0,0,0,200,3.41,2612,1972,No comms for 90s +,No comms for 90s +,17,33.14,0,0,0
526,43.6,0,5,1.12,0.21,0,0,0,1,0,17,False,True,0,0,0,0,199,3.42,2612,1972,No comms for 90s +,No comms for 90s +,17,33.14,0,0,0
528,43.4,0,5,1.11,0.21,0,0,0,1,0,17,False,True,0,0,0,0,199,3.42,2612,1968,No comms for 90s +,No comms for 90s +,17,32.21,0,0,0
530,43.5,0,5,1.11,0.21,0,0,0,1,0,17,False,True,0,0,0,0,199,3.41,2612,1968,No comms for 90s +,No comms for 90s +,17,32.21,0,0,0
532,43.5,0,5,1.11,0.21,0,0,0,1,0,17,False,True,0,0,0,0,199,3.41,2612,1948,No comms for 90s +,No comms for 90s +,17,32.97,0,0,0
534,43.5,0,5,1.11,0.21,0,0,0,1,0,17,False,True,0,0,0,0,200,3.41,2612,1948,No comms for 90s +,No comms for 90s +,17,32.97,0,0,0
536,43.5,0,5,1.11,0.21,0,0,0,1,0,17,False,True,0,0,0,0,199,3.41,2612,1948,No comms for 90s +,No comms for 90s +,17,32.97,0,0,0
538,43.4,0,5,1.11,0.21,0,0,0,1,0,17,False,True,0,0,0,0,199,3.42,2612,1930,No comms for 90s +,No comms for 90s +,17,31.48,0,0,0
540,43.5,0,5,1.11,0.21,0,0,0,1,0,17,False,True,0,0,0,0,199,3.42,2612,1930,No comms for 90s +,No comms for 90s +,17,31.48,0,0,0
542,43.3,0,5,1.11,0.21,0,0,0,1,0,17,False,True,0,0,0,0,199,3.41,2612,1930,No comms for 90s +,No comms for 90s +,17,31.48,0,0,0
544,43.3,0,5,1.11,0.21,0,0,0,1,0,17,False,True,0,0,0,0,199,3.4,2612,1928,No comms for 90s +,No comms for 90s +,17,31.48,0,0,0
546,43.3,0,5,1.11,0.21,0,0,0,1,0,17,False,True,0,0,0,0,199,3.41,2612,1928,No comms for 90s +,No comms for 90s +,17,31.48,0,0,0
548,43.4,0,5,1.11,0.21,0,0,0,1,0,17,False,True,0,0,0,0,199,3.41,2612,1902,No comms for 90s +,No comms for 90s +,17,33.39,0,0,0
550,43.3,0,5,1.11,0.21,0,0,0,1,0,17,False,True,0,0,0,0,199,3.42,2612,1902,No comms for 90s +,No comms for 90s +,17,33.39,0,0,0
552,43.3,0,5,1.11,0.21,0,0,0,1,0,17,False,True,0,0,0,0,199,3.42,2614,1902,No comms for 90s +,No comms for 90s +,17,33.39,0,0,0
554,43.4,0,5,1.11,0.21,0,0,0,1,0,17,False,True,0,0,0,0,200,3.41,2614,1898,No comms for 90s +,No comms for 90s +,17,33.39,0,0,0
556,43.4,0,5,1.11,0.21,0,0,0,1,0,17,False,True,0,0,0,0,199,3.41,2614,1898,No comms for 90s +,No comms for 90s +,17,33.39,0,0,0
558,43.5,0,5,1.11,0.21,0,0,0,1,0,17,False,True,0,0,0,0,199,3.4,2612,1872,No comms for 90s +,No comms for 90s +,17,31.73,0,0,0
560,43.4,0,5,1.11,0.21,0,0,0,1,0,17,False,True,0,0,0,0,199,3.41,2612,1872,No comms for 90s +,No comms for 90s +,17,31.73,0,0,0
562,43.5,0,5,1.11,0.21,0,0,0,1,0,17,False,True,0,0,0,0,199,3.41,2614,1872,No comms for 90s +,No comms for 90s +,17,31.73,0,0,0
564,43.6,0,5,1.12,0.21,0,0,0,1,0,17,False,True,0,0,0,0,200,3.41,2614,1864,No comms for 90s +,No comms for 90s +,17,31.73,0,0,0
566,43.5,0,5,1.12,0.21,0,0,0,1,0,17,False,True,0,0,0,0,199,3.41,2614,1864,No comms for 90s +,No comms for 90s +,17,31.73,0,0,0
568,43.4,0,5,1.11,0.21,0,0,0,1,0,17,False,True,0,0,0,0,199,3.4,2614,1844,No comms for 90s +,No comms for 90s +,17,32.69,0,0,0
570,43.4,0,5,1.11,0.21,0,0,0,1,0,17,False,True,0,0,0,0,199,3.41,2614,1844,No comms for 90s +,No comms for 90s +,17,32.69,0,0,0
572,43.2,0,5,1.11,0.21,0,0,0,1,0,17,False,True,0,0,0,0,199,3.41,2614,1844,No comms for 90s +,No comms for 90s +,17,32.69,0,0,0
574,43.1,0,5,1.11,0.21,0,0,0,1,0,17,False,True,0,0,0,0,199,3.42,2614,1834,No comms for 90s +,No comms for 90s +,17,32.69,0,0,0
576,43.1,0,5,1.11,0.21,0,0,0,1,0,17,False,True,0,0,0,0,199,3.42,2614,1834,No comms for 90s +,No comms for 90s +,17,32.69,0,0,0
578,43.1,0,5,1.11,0.21,0,0,0,1,0,17,False,True,0,0,0,0,199,3.41,2614,1824,No comms for 90s +,No comms for 90s +,17,31.78,0,0,0
580,43.2,0,5,1.11,0.21,0,0,0,1,0,17,False,True,0,0,0,0,199,3.41,2614,1824,No comms for 90s +,No comms for 90s +,17,31.78,0,0,0
582,42.8,0,5,1.11,0.21,0,0,0,1,0,17,False,True,0,0,0,0,200,3.4,2614,1824,No comms for 90s +,No comms for 90s +,17,31.8,0,0,0
584,42.6,0,5,1.1,0.21,0,0,0,1,0,17,False,True,0,0,0,0,199,3.41,2614,1804,No comms for 90s +,No comms for 90s +,17,31.8,0,0,0
586,42.7,0,5,1.1,0.21,0,0,0,1,0,17,False,True,0,0,0,0,199,3.42,2614,1804,No comms for 90s +,No comms for 90s +,17,31.8,0,0,0
588,42.9,0,5,1.1,0.21,0,0,0,1,0,17,False,True,0,0,0,0,199,3.42,2612,1796,No comms for 90s +,No comms for 90s +,17,30.88,0,0,0
590,42.8,0,5,1.1,0.21,0,0,0,1,0,17,False,True,0,0,0,0,199,3.41,2612,1796,No comms for 90s +,No comms for 90s +,17,30.88,0,0,0
592,42.8,0,5,1.1,0.21,0,0,0,1,0,17,False,True,0,0,0,0,199,3.41,2612,1796,No comms for 90s +,No comms for 90s +,17,31.66,0,0,0
594,43,0,5,1.1,0.21,0,0,0,1,0,17,False,True,0,0,0,0,200,3.4,2614,1770,No comms for 90s +,No comms for 90s +,17,31.66,0,0,0
596,43.1,0,5,1.11,0.21,0,0,0,1,0,17,False,True,0,0,0,0,199,3.41,2614,1770,No comms for 90s +,No comms for 90s +,17,31.66,0,0,0
598,42.9,0,5,1.1,0.21,0,0,0,1,0,17,False,True,0,0,0,0,199,3.41,2614,1762,No comms for 90s +,No comms for 90s +,17,31.85,0,0,0
600,42.9,0,5,1.1,0.21,0,0,0,1,0,17,False,True,0,0,0,0,199,3.41,2614,1762,No comms for 90s +,No comms for 90s +,17,31.85,0,0,0
602,42.9,0,5,1.1,0.21,0,0,0,1,0,17,False,True,0,0,0,0,199,3.41,2616,1762,No comms for 90s +,No comms for 90s +,17,32.63,0,0,0
604,43,0,5,1.1,0.21,0,0,0,1,0,17,False,True,0,0,0,0,199,3.4,2616,1738,No comms for 90s +,No comms for 90s +,17,32.63,0,0,0
606,43.2,0,5,1.11,0.21,0,0,0,1,0,17,False,True,0,0,0,0,199,3.4,2616,1738,No comms for 90s +,No comms for 90s +,17,32.63,0,0,0
608,43.3,0,5,1.11,0.21,0,0,0,1,0,17,False,True,0,0,0,0,199,3.4,2614,1740,No comms for 90s +,No comms for 90s +,16,33.02,0,0,0
610,43.2,0,5,1.11,0.21,0,0,0,1,0,17,False,True,0,0,0,0,199,3.41,2614,1740,No comms for 90s +,No comms for 90s +,16,33.02,0,0,0
612,43.3,0,5,1.11,0.21,0,0,0,1,0,17,False,True,0,0,0,0,200,3.41,2614,1740,No comms for 90s +,No comms for 90s +,16,32.46,0,0,0
614,43.3,0,5,1.11,0.21,0,0,0,1,0,17,False,True,0,0,0,0,199,3.41,2614,1714,No comms for 90s +,No comms for 90s +,16,32.46,0,0,0
616,43.3,0,5,1.11,0.21,0,0,0,1,0,17,False,True,0,0,0,0,199,3.41,2614,1714,No comms for 90s +,No comms for 90s +,16,32.46,0,0,0
618,43.1,0,5,1.11,0.21,0,0,0,1,0,17,False,True,0,0,0,0,199,3.4,2614,1704,No comms for 90s +,No comms for 90s +,16,34.56,0,0,0
620,43.2,0,5,1.11,0.21,0,0,0,1,0,17,False,True,0,0,0,0,199,3.41,2614,1704,No comms for 90s +,No comms for 90s +,16,34.56,0,0,0
622,43.1,0,5,1.11,0.21,0,0,0,1,0,17,False,True,0,0,0,0,199,3.41,2614,1704,No comms for 90s +,No comms for 90s +,16,32.12,0,0,0
624,43.1,0,5,1.11,0.21,0,0,0,1,0,17,False,True,0,0,0,0,199,3.41,2616,1698,No comms for 90s +,No comms for 90s +,16,32.12,0,0,0
626,43.1,3,6,1.11,0.21,0,1,0,1,0,17,False,True,0,0,0,0,199,3.41,2616,1698,No comms for 90s +,No comms for 90s +,16,32.12,0,0,0
628,43,3,6,1.11,0.21,0,1,0,1,0,16,False,True,0,0,0,0,199,3.4,2616,1698,No comms for 90s +,No comms for 90s +,Not available because of DECO,32.33,0,0,0
630,42.9,3,6,1.1,0.21,0,1,0,1,0,16,False,True,0,0,0,0,199,3.41,2616,1656,No comms for 90s +,No comms for 90s +,Not available because of DECO,32.33,0,0,0
632,42.8,3,6,1.1,0.21,0,1,0,1,0,16,False,True,0,0,0,0,199,3.41,2616,1656,No comms for 90s +,No comms for 90s +,Not available because of DECO,35.57,0,0,0
634,42.7,3,6,1.1,0.21,0,1,0,1,0,16,False,True,0,0,0,0,199,3.42,2616,1674,No comms for 90s +,No comms for 90s +,Not available because of DECO,35.57,0,0,0
636,42.6,3,6,1.1,0.21,0,1,0,1,0,16,False,True,0,0,0,0,199,3.42,2616,1674,No comms for 90s +,No comms for 90s +,Not available because of DECO,35.57,0,0,0
638,42.7,3,6,1.1,0.21,0,1,0,1,0,16,False,True,0,0,0,0,199,3.41,2602,1674,No comms for 90s +,No comms for 90s +,Not available because of DECO,32.95,0,0,0
640,42.8,3,6,1.1,0.21,0,1,0,1,0,16,False,True,0,0,0,0,199,3.4,2602,1680,No comms for 90s +,No comms for 90s +,Not available because of DECO,32.95,0,0,0
642,42.9,3,6,1.1,0.21,0,1,0,1,0,16,False,True,0,0,0,0,199,3.4,2566,1680,No comms for 90s +,No comms for 90s +,Not available because of DECO,32.02,0,0,0
644,42.9,3,6,1.1,0.21,0,1,0,1,0,16,False,True,0,0,0,0,199,3.41,2566,1684,No comms for 90s +,No comms for 90s +,Not available because of DECO,32.02,0,0,0
646,43,3,6,1.1,0.21,0,1,0,1,0,16,False,True,0,0,0,0,199,3.41,2566,1684,No comms for 90s +,No comms for 90s +,Not available because of DECO,32.02,0,0,0
648,42.9,3,6,1.1,0.21,0,1,0,1,0,16,False,True,0,0,0,0,199,3.41,2536,1684,No comms for 90s +,No comms for 90s +,Not available because of DECO,31.28,0,0,0
650,42.9,3,6,1.1,0.21,0,1,0,1,0,16,False,True,0,0,0,0,199,3.41,2536,1692,No comms for 90s +,No comms for 90s +,Not available because of DECO,31.28,0,0,0
652,42.9,3,6,1.1,0.21,0,1,0,1,0,16,False,True,0,0,0,0,199,3.4,2536,1692,No comms for 90s +,No comms for 90s +,Not available because of DECO,31.48,0,0,0
654,43,3,6,1.1,0.21,0,1,0,1,0,16,False,True,0,0,0,0,199,3.4,2510,1698,No comms for 90s +,No comms for 90s +,Not available because of DECO,31.48,0,0,0
656,43.1,3,6,1.11,0.21,0,1,0,1,0,16,False,True,0,0,0,0,199,3.41,2510,1698,No comms for 90s +,No comms for 90s +,Not available because of DECO,31.48,0,0,0
658,43.2,3,6,1.11,0.21,0,1,0,1,0,16,False,True,0,0,0,0,199,3.42,2496,1698,No comms for 90s +,No comms for 90s +,Not available because of DECO,31.67,0,0,0
660,43.4,3,6,1.11,0.21,0,1,0,1,0,16,False,True,0,0,0,0,199,3.42,2496,1702,No comms for 90s +,No comms for 90s +,Not available because of DECO,31.67,0,0,0
662,43.5,3,6,1.11,0.21,0,1,0,1,0,16,False,True,0,0,0,0,200,3.41,2496,1702,No comms for 90s +,No comms for 90s +,Not available because of DECO,31.3,0,0,0
664,43.7,3,6,1.12,0.21,0,1,0,1,0,16,False,True,0,0,0,0,199,3.4,2472,1706,No comms for 90s +,No comms for 90s +,Not available because of DECO,31.3,0,0,0
666,44,3,6,1.13,0.21,0,1,0,1,0,16,False,True,0,0,0,0,199,3.4,2472,1706,No comms for 90s +,No comms for 90s +,Not available because of DECO,31.3,0,0,0
668,43.8,3,6,1.12,0.21,0,1,0,1,0,16,False,True,0,0,0,0,199,3.41,2436,1706,No comms for 90s +,No comms for 90s +,Not available because of DECO,31.85,0,0,0
670,43.7,3,6,1.12,0.21,0,1,0,1,0,16,False,True,0,0,0,0,199,3.41,2436,1712,No comms for 90s +,No comms for 90s +,Not available because of DECO,31.85,0,0,0
672,43.7,3,6,1.12,0.21,0,1,0,1,0,16,False,True,0,0,0,0,199,3.41,2436,1712,No comms for 90s +,No comms for 90s +,Not available because of DECO,33.46,0,0,0
674,43.7,3,6,1.12,0.21,0,1,0,1,0,16,False,True,0,0,0,0,199,3.41,2414,1714,No comms for 90s +,No comms for 90s +,Not available because of DECO,33.46,0,0,0
676,43.7,3,6,1.12,0.21,0,1,0,1,0,16,False,True,0,0,0,0,199,3.4,2414,1714,No comms for 90s +,No comms for 90s +,Not available because of DECO,33.46,0,0,0
678,43.8,3,6,1.12,0.21,0,1,0,1,0,16,False,True,0,0,0,0,199,3.4,2400,1714,No comms for 90s +,No comms for 90s +,Not available because of DECO,33.73,0,0,0
680,43.8,3,6,1.12,0.21,0,1,0,1,0,16,False,True,0,0,0,0,200,3.41,2400,1718,No comms for 90s +,No comms for 90s +,Not available because of DECO,33.73,0,0,0
682,43.8,3,6,1.12,0.21,0,1,0,1,0,16,False,True,0,0,0,0,199,3.41,2400,1718,No comms for 90s +,No comms for 90s +,Not available because of DECO,33.53,0,0,0
684,43.7,3,6,1.12,0.21,0,1,0,1,0,16,False,True,0,0,0,0,199,3.41,2384,1716,No comms for 90s +,No comms for 90s +,Not available because of DECO,33.53,0,0,0
686,43.5,3,6,1.12,0.21,0,1,0,1,0,16,False,True,0,0,0,0,199,3.41,2384,1716,No comms for 90s +,No comms for 90s +,Not available because of DECO,33.53,0,0,0
688,43.4,3,6,1.11,0.21,0,1,0,1,0,16,False,True,0,0,0,0,199,3.4,2378,1716,No comms for 90s +,No comms for 90s +,Not available because of DECO,33.91,0,0,0
690,43.5,3,6,1.11,0.21,0,1,0,1,0,16,False,True,0,0,0,0,199,3.4,2378,1714,No comms for 90s +,No comms for 90s +,Not available because of DECO,33.91,0,0,0
692,43.4,3,6,1.11,0.21,0,1,0,1,0,16,False,True,0,0,0,0,199,3.41,2378,1714,No comms for 90s +,No comms for 90s +,Not available because of DECO,34.2,0,0,0
694,43.4,3,6,1.11,0.21,0,1,0,1,0,16,False,True,0,0,0,0,199,3.41,2354,1722,No comms for 90s +,No comms for 90s +,Not available because of DECO,34.2,0,0,0
696,43.3,3,6,1.11,0.21,0,1,0,1,0,16,False,True,0,0,0,0,199,3.41,2354,1722,No comms for 90s +,No comms for 90s +,Not available because of DECO,34.2,0,0,0
698,43.3,3,6,1.11,0.21,0,1,0,1,0,16,False,True,0,0,0,0,199,3.41,2340,1722,No comms for 90s +,No comms for 90s +,Not available because of DECO,35.24,0,0,0
700,43.1,3,6,1.11,0.21,0,1,0,1,0,16,False,True,0,0,0,0,199,3.4,2340,1724,No comms for 90s +,No comms for 90s +,Not available because of DECO,35.24,0,0,0
702,43.1,3,6,1.11,0.21,0,1,0,1,0,16,False,True,0,0,0,0,199,3.4,2340,1724,No comms for 90s +,No comms for 90s +,Not available because of DECO,35.42,0,0,0
704,43.2,3,6,1.11,0.21,0,1,0,1,0,16,False,True,0,0,0,0,199,3.41,2330,1726,No comms for 90s +,No comms for 90s +,Not available because of DECO,35.42,0,0,0
706,43.2,3,6,1.11,0.21,0,1,0,1,0,16,False,True,0,0,0,0,199,3.41,2330,1726,No comms for 90s +,No comms for 90s +,Not available because of DECO,35.42,0,0,0
708,43.2,3,6,1.11,0.21,0,1,0,1,0,16,False,True,0,0,0,0,199,3.41,2300,1726,No comms for 90s +,No comms for 90s +,Not available because of DECO,34.1,0,0,0
710,43.2,3,6,1.11,0.21,0,1,0,1,0,16,False,True,0,0,0,0,199,3.41,2300,1728,No comms for 90s +,No comms for 90s +,Not available because of DECO,34.1,0,0,0
712,43.3,3,6,1.11,0.21,0,1,0,1,0,16,False,True,0,0,0,0,199,3.4,2300,1728,No comms for 90s +,No comms for 90s +,Not available because of DECO,35.98,0,0,0
714,43.4,3,6,1.11,0.21,0,1,0,1,0,16,False,True,0,0,0,0,199,3.4,2288,1730,No comms for 90s +,No comms for 90s +,Not available because of DECO,35.98,0,0,0
716,43.2,3,6,1.11,0.21,0,1,0,1,0,16,False,True,0,0,0,0,199,3.41,2288,1730,No comms for 90s +,No comms for 90s +,Not available because of DECO,35.98,0,0,0
718,43.1,3,6,1.11,0.21,0,1,0,1,0,16,False,True,0,0,0,0,199,3.41,2278,1730,No comms for 90s +,No comms for 90s +,Not available because of DECO,34.64,0,0,0
720,42.9,3,6,1.1,0.21,0,1,0,1,0,16,False,True,0,0,0,0,199,3.41,2278,1732,No comms for 90s +,No comms for 90s +,Not available because of DECO,34.64,0,0,0
722,42.7,3,6,1.1,0.21,0,1,0,1,0,16,False,True,0,0,0,0,199,3.41,2278,1732,No comms for 90s +,No comms for 90s +,Not available because of DECO,34.84,0,0,0
724,42.9,3,6,1.1,0.21,0,1,0,1,0,16,False,True,0,0,0,0,199,3.4,2268,1734,No comms for 90s +,No comms for 90s +,Not available because of DECO,34.84,0,0,0
726,42.9,3,6,1.1,0.21,0,1,0,1,0,16,False,True,0,0,0,0,199,3.4,2268,1734,No comms for 90s +,No comms for 90s +,Not available because of DECO,34.84,0,0,0
728,42.9,3,6,1.1,0.21,0,1,0,1,0,16,False,True,0,0,0,0,199,3.41,2254,1734,No comms for 90s +,No comms for 90s +,Not available because of DECO,33.23,0,0,0
730,43.1,3,6,1.11,0.21,0,1,0,1,0,16,False,True,0,0,0,0,200,3.41,2254,1734,No comms for 90s +,No comms for 90s +,Not available because of DECO,33.23,0,0,0
732,43.1,3,6,1.11,0.21,0,1,0,1,0,16,False,True,0,0,0,0,199,3.42,2254,1734,No comms for 90s +,No comms for 90s +,Not available because of DECO,34.65,0,0,0
734,43.1,3,6,1.11,0.21,0,1,0,1,0,16,False,True,0,0,0,0,199,3.41,2226,1738,No comms for 90s +,No comms for 90s +,Not available because of DECO,34.65,0,0,0
736,43.2,6,6,1.11,0.21,0,1,0,1,0,16,False,True,0,0,0,0,199,3.4,2226,1738,No comms for 90s +,No comms for 90s +,Not available because of DECO,34.65,0,0,0
738,43.2,6,6,1.11,0.21,0,1,0,1,0,16,False,True,0,0,0,0,199,3.4,2216,1738,No comms for 90s +,No comms for 90s +,Not available because of DECO,36.74,0,0,0
740,43.2,6,6,1.11,0.21,0,1,0,1,0,16,False,True,0,0,0,0,199,3.41,2216,1738,No comms for 90s +,No comms for 90s +,Not available because of DECO,36.74,0,0,0
742,43.2,6,6,1.11,0.21,0,1,0,1,0,16,False,True,0,0,0,0,199,3.41,2216,1738,No comms for 90s +,No comms for 90s +,Not available because of DECO,37.68,0,0,0
744,43.2,6,6,1.11,0.21,0,1,0,1,0,16,False,True,0,0,0,0,199,3.41,2206,1738,No comms for 90s +,No comms for 90s +,Not available because of DECO,37.68,0,0,0
746,43.4,6,6,1.11,0.21,0,1,0,1,0,16,False,True,0,0,0,0,199,3.41,2206,1738,No comms for 90s +,No comms for 90s +,Not available because of DECO,37.68,0,0,0
748,43.4,6,6,1.11,0.21,0,1,0,1,0,16,False,True,0,0,0,0,199,3.4,2194,1738,No comms for 90s +,No comms for 90s +,Not available because of DECO,38.81,0,0,0
750,43.3,6,6,1.11,0.21,0,1,0,1,0,16,False,True,0,0,0,0,199,3.4,2194,1740,No comms for 90s +,No comms for 90s +,Not available because of DECO,38.81,0,0,0
752,43.2,6,6,1.11,0.21,0,1,0,1,0,16,False,True,0,0,0,0,199,3.41,2194,1740,No comms for 90s +,No comms for 90s +,Not available because of DECO,39.94,0,0,0
754,43.2,6,6,1.11,0.21,0,1,0,1,0,16,False,True,0,0,0,0,199,3.41,2170,1740,No comms for 90s +,No comms for 90s +,Not available because of DECO,39.94,0,0,0
756,43.1,6,6,1.11,0.21,0,1,0,1,0,16,False,True,0,0,0,0,199,3.41,2170,1740,No comms for 90s +,No comms for 90s +,Not available because of DECO,39.94,0,0,0
758,43.1,6,6,1.11,0.21,0,1,0,1,0,16,False,True,0,0,0,0,199,3.41,2158,1740,No comms for 90s +,No comms for 90s +,Not available because of DECO,40.88,0,0,0
760,43.1,6,6,1.11,0.21,0,1,0,1,0,16,False,True,0,0,0,0,200,3.4,2158,1742,No comms for 90s +,No comms for 90s +,Not available because of DECO,40.88,0,0,0
762,43,6,6,1.11,0.21,0,1,0,1,0,16,False,True,0,0,0,0,199,3.4,2158,1742,No comms for 90s +,No comms for 90s +,Not available because of DECO,38.6,0,0,0
764,43,6,6,1.1,0.21,0,1,0,1,0,16,False,True,0,0,0,0,199,3.41,2144,1744,No comms for 90s +,No comms for 90s +,Not available because of DECO,38.6,0,0,0
766,42.9,6,6,1.1,0.21,0,1,0,1,0,16,False,True,0,0,0,0,199,3.41,2144,1744,No comms for 90s +,No comms for 90s +,Not available because of DECO,38.6,0,0,0
768,42.8,6,6,1.1,0.21,0,1,0,1,0,16,False,True,0,0,0,0,199,3.41,2134,1744,No comms for 90s +,No comms for 90s +,Not available because of DECO,38.51,0,0,0
770,42.9,6,6,1.1,0.21,0,1,0,1,0,16,False,True,0,0,0,0,199,3.41,2134,1744,No comms for 90s +,No comms for 90s +,Not available because of DECO,38.51,0,0,0
772,43.1,6,6,1.1,0.21,0,1,0,1,0,16,False,True,0,0,0,0,199,3.4,2134,1744,No comms for 90s +,No comms for 90s +,Not available because of DECO,38.03,0,0,0
774,43.3,6,7,1.11,0.21,0,1,0,1,0,16,False,True,0,0,0,0,199,3.4,2106,1744,No comms for 90s +,No comms for 90s +,Not available because of DECO,38.03,0,0,0
776,43.5,6,7,1.11,0.21,0,1,0,1,0,16,False,True,0,0,0,0,199,3.41,2106,1744,No comms for 90s +,No comms for 90s +,Not available because of DECO,38.03,0,0,0
778,43.5,6,7,1.12,0.21,0,1,0,1,0,16,False,True,0,0,0,0,199,3.41,2098,1744,No comms for 90s +,No comms for 90s +,Not available because of DECO,38.2,0,0,0
780,43.4,6,7,1.11,0.21,0,1,0,1,0,16,False,True,0,0,0,0,200,3.41,2098,1746,No comms for 90s +,No comms for 90s +,Not available because of DECO,38.2,0,0,0
782,43.4,6,7,1.11,0.21,0,1,0,1,0,16,False,True,0,0,0,0,199,3.41,2098,1746,No comms for 90s +,No comms for 90s +,Not available because of DECO,37.63,0,0,0
784,43.3,6,7,1.11,0.21,0,1,0,1,0,16,False,True,0,0,0,0,199,3.4,2084,1746,No comms for 90s +,No comms for 90s +,Not available because of DECO,37.63,0,0,0
786,43.2,6,7,1.11,0.21,0,1,0,1,0,16,False,True,0,0,0,0,199,3.4,2084,1746,No comms for 90s +,No comms for 90s +,Not available because of DECO,37.63,0,0,0
788,43.2,6,7,1.11,0.21,0,1,0,1,0,16,False,True,0,0,0,0,200,3.41,2074,1746,No comms for 90s +,No comms for 90s +,Not available because of DECO,36.69,0,0,0
790,43.3,6,7,1.11,0.21,0,1,0,1,0,16,False,True,0,0,0,0,199,3.41,2074,1746,No comms for 90s +,No comms for 90s +,Not available because of DECO,36.69,0,0,0
792,43.2,6,7,1.11,0.21,0,1,0,1,0,16,False,True,0,0,0,0,199,3.41,2074,1746,No comms for 90s +,No comms for 90s +,Not available because of DECO,34.25,0,0,0
794,43.1,6,7,1.11,0.21,0,1,0,1,0,16,False,True,0,0,0,0,199,3.41,2048,1746,No comms for 90s +,No comms for 90s +,Not available because of DECO,34.25,0,0,0
796,43,6,7,1.1,0.21,0,1,0,1,0,16,False,True,0,0,0,0,199,3.4,2048,1746,No comms for 90s +,No comms for 90s +,Not available because of DECO,34.25,0,0,0
798,43.1,6,7,1.11,0.21,0,1,0,1,0,16,False,True,0,0,0,0,199,3.4,2044,1746,No comms for 90s +,No comms for 90s +,Not available because of DECO,34.65,0,0,0
800,43,6,7,1.1,0.21,0,1,0,1,0,16,False,True,0,0,0,0,199,3.4,2044,1748,No comms for 90s +,No comms for 90s +,Not available because of DECO,34.65,0,0,0
802,42.9,6,6,1.1,0.21,0,1,0,1,0,16,False,True,0,0,0,0,199,3.41,2044,1748,No comms for 90s +,No comms for 90s +,Not available because of DECO,33.72,0,0,0
804,42.9,6,6,1.1,0.21,0,1,0,1,0,16,False,True,0,0,0,0,199,3.41,2032,1748,No comms for 90s +,No comms for 90s +,Not available because of DECO,33.72,0,0,0
806,42.9,6,6,1.1,0.21,0,1,0,1,0,16,False,True,0,0,0,0,199,3.41,2032,1748,No comms for 90s +,No comms for 90s +,Not available because of DECO,33.72,0,0,0
808,43,6,7,1.1,0.21,0,1,0,1,0,16,False,True,0,0,0,0,200,3.4,2006,1748,No comms for 90s +,No comms for 90s +,Not available because of DECO,33.36,0,0,0
810,43,6,7,1.1,0.21,0,1,0,1,0,16,False,True,0,0,0,0,200,3.4,2006,1750,No comms for 90s +,No comms for 90s +,Not available because of DECO,33.36,0,0,0
812,43,6,7,1.1,0.21,0,1,0,1,0,16,False,True,0,0,0,0,199,3.4,2006,1750,No comms for 90s +,No comms for 90s +,Not available because of DECO,35.27,0,0,0
814,43,6,7,1.1,0.21,0,1,0,1,0,16,False,True,0,0,0,0,199,3.41,2008,1750,No comms for 90s +,No comms for 90s +,Not available because of DECO,35.27,0,0,0
816,43,6,7,1.1,0.21,0,1,0,1,0,16,False,True,0,0,0,0,200,3.41,2008,1750,No comms for 90s +,No comms for 90s +,Not available because of DECO,35.27,0,0,0
818,43.2,6,7,1.11,0.21,0,1,0,1,0,16,False,True,0,0,0,0,199,3.41,1990,1750,No comms for 90s +,No comms for 90s +,Not available because of DECO,32.82,0,0,0
820,43.3,6,7,1.11,0.21,0,1,0,1,0,16,False,True,0,0,0,0,199,3.4,1990,1750,No comms for 90s +,No comms for 90s +,Not available because of DECO,32.82,0,0,0
822,43.3,6,7,1.11,0.21,0,1,0,1,0,16,False,True,0,0,0,0,199,3.4,1990,1750,No comms for 90s +,No comms for 90s +,Not available because of DECO,33.2,0,0,0
824,43.3,6,7,1.11,0.21,0,1,0,1,0,16,False,True,0,0,0,0,199,3.4,1982,1750,No comms for 90s +,No comms for 90s +,Not available because of DECO,33.2,0,0,0
826,43.4,6,7,1.11,0.21,0,1,0,1,0,16,False,True,0,0,0,0,199,3.41,1982,1750,No comms for 90s +,No comms for 90s +,Not available because of DECO,33.2,0,0,0
828,43.5,6,7,1.11,0.21,0,1,0,1,0,16,False,True,0,0,0,0,200,3.41,1956,1750,No comms for 90s +,No comms for 90s +,Not available because of DECO,33,0,0,0
830,43.5,6,7,1.11,0.21,0,1,0,1,0,16,False,True,0,0,0,0,199,3.41,1956,1750,No comms for 90s +,No comms for 90s +,Not available because of DECO,33,0,0,0
832,43.4,6,7,1.11,0.21,0,1,0,1,0,16,False,True,0,0,0,0,199,3.4,1956,1750,No comms for 90s +,No comms for 90s +,Not available because of DECO,32.61,0,0,0
834,43.5,9,8,1.11,0.21,0,1,0,1,0,16,False,True,0,0,0,0,199,3.4,1958,1750,No comms for 90s +,No comms for 90s +,Not available because of DECO,32.61,0,0,0
836,43.5,9,8,1.12,0.21,0,1,0,1,0,16,False,True,0,0,0,0,200,3.4,1958,1750,No comms for 90s +,No comms for 90s +,Not available because of DECO,32.61,0,0,0
838,43.6,9,8,1.12,0.21,0,1,0,1,0,16,False,True,0,0,0,0,199,3.41,1946,1750,No comms for 90s +,No comms for 90s +,Not available because of DECO,31.28,0,0,0
840,43.6,9,7,1.12,0.21,0,1,0,1,0,16,False,True,0,0,0,0,199,3.41,1946,1752,No comms for 90s +,No comms for 90s +,Not available because of DECO,31.28,0,0,0
842,43.4,9,7,1.11,0.21,0,1,0,1,0,16,False,True,0,0,0,0,199,3.41,1946,1752,No comms for 90s +,No comms for 90s +,Not available because of DECO,31.46,0,0,0
844,43.3,9,7,1.11,0.21,0,1,0,1,0,16,False,True,0,0,0,0,199,3.4,1940,1752,No comms for 90s +,No comms for 90s +,Not available because of DECO,31.46,0,0,0
846,43.2,9,7,1.11,0.21,0,1,0,1,0,16,False,True,0,0,0,0,199,3.4,1940,1752,No comms for 90s +,No comms for 90s +,Not available because of DECO,31.46,0,0,0
848,43.2,9,7,1.11,0.21,0,1,0,1,0,16,False,True,0,0,0,0,199,3.41,1922,1752,No comms for 90s +,No comms for 90s +,Not available because of DECO,31.08,0,0,0
850,43.2,9,7,1.11,0.21,0,1,0,1,0,16,False,True,0,0,0,0,199,3.41,1922,1750,No comms for 90s +,No comms for 90s +,Not available because of DECO,31.08,0,0,0
852,43.3,9,7,1.11,0.21,0,1,0,1,0,16,False,True,0,0,0,0,199,3.41,1922,1750,No comms for 90s +,No comms for 90s +,Not available because of DECO,31.45,0,0,0
854,43.4,9,7,1.11,0.21,0,1,0,1,0,16,False,True,0,0,0,0,199,3.41,1920,1752,No comms for 90s +,No comms for 90s +,Not available because of DECO,31.45,0,0,0
856,43.5,9,7,1.11,0.21,0,1,0,1,0,16,False,True,0,0,0,0,199,3.4,1920,1752,No comms for 90s +,No comms for 90s +,Not available because of DECO,31.45,0,0,0
858,43.5,9,7,1.11,0.21,0,1,0,1,0,16,False,True,0,0,0,0,199,3.39,1906,1752,No comms for 90s +,No comms for 90s +,Not available because of DECO,28.97,0,0,0
860,43.4,9,7,1.11,0.21,0,1,0,1,0,16,False,True,0,0,0,0,199,3.4,1906,1752,No comms for 90s +,No comms for 90s +,Not available because of DECO,28.97,0,0,0
862,43.4,9,7,1.11,0.21,0,1,0,1,0,16,False,True,0,0,0,0,199,3.41,1906,1752,No comms for 90s +,No comms for 90s +,Not available because of DECO,29.35,0,0,0
864,43.5,9,7,1.11,0.21,0,1,0,1,0,16,False,True,0,0,0,0,199,3.41,1892,1752,No comms for 90s +,No comms for 90s +,Not available because of DECO,29.35,0,0,0
866,43.5,9,7,1.11,0.21,0,1,0,1,0,16,False,True,0,0,0,0,199,3.41,1892,1752,No comms for 90s +,No comms for 90s +,Not available because of DECO,29.35,0,0,0
868,43.6,9,8,1.12,0.21,0,1,0,1,0,16,False,True,0,0,0,0,200,3.4,1886,1752,No comms for 90s +,No comms for 90s +,Not available because of DECO,29.72,0,0,0
870,43.6,9,8,1.12,0.21,0,1,0,1,0,16,False,True,0,0,0,0,199,3.4,1886,1754,No comms for 90s +,No comms for 90s +,Not available because of DECO,29.72,0,0,0
872,43.6,9,8,1.12,0.21,0,1,0,1,0,16,False,True,0,0,0,0,199,3.41,1886,1754,No comms for 90s +,No comms for 90s +,Not available because of DECO,29.15,0,0,0
874,43.6,9,8,1.12,0.21,0,1,0,1,0,16,False,True,0,0,0,0,199,3.41,1878,1754,No comms for 90s +,No comms for 90s +,Not available because of DECO,29.15,0,0,0
876,43.5,9,8,1.11,0.21,0,1,0,1,0,16,False,True,0,0,0,0,200,3.41,1878,1754,No comms for 90s +,No comms for 90s +,Not available because of DECO,29.15,0,0,0
878,43.4,9,8,1.11,0.21,0,1,0,1,0,16,False,True,0,0,0,0,199,3.4,1862,1754,No comms for 90s +,No comms for 90s +,Not available because of DECO,27.63,0,0,0
880,43.4,9,8,1.11,0.21,0,1,0,1,0,16,False,True,0,0,0,0,199,3.4,1862,1754,No comms for 90s +,No comms for 90s +,Not available because of DECO,27.63,0,0,0
882,43.4,9,8,1.11,0.21,0,1,0,1,0,16,False,True,0,0,0,0,199,3.4,1862,1754,No comms for 90s +,No comms for 90s +,Not available because of DECO,28,0,0,0
884,43.4,9,8,1.11,0.21,0,1,0,1,0,16,False,True,0,0,0,0,199,3.4,1858,1754,No comms for 90s +,No comms for 90s +,Not available because of DECO,28,0,0,0
886,43.5,9,8,1.11,0.21,0,1,0,1,0,16,False,True,0,0,0,0,200,3.41,1858,1754,No comms for 90s +,No comms for 90s +,Not available because of DECO,28,0,0,0
888,43.4,9,8,1.11,0.21,0,1,0,1,0,16,False,True,0,0,0,0,199,3.41,1850,1754,No comms for 90s +,No comms for 90s +,Not available because of DECO,27.05,0,0,0
890,43.5,9,8,1.11,0.21,0,1,0,1,0,16,False,True,0,0,0,0,199,3.4,1850,1754,No comms for 90s +,No comms for 90s +,Not available because of DECO,27.05,0,0,0
892,43.5,9,8,1.12,0.21,0,1,0,1,0,16,False,True,0,0,0,0,199,3.4,1850,1754,No comms for 90s +,No comms for 90s +,Not available because of DECO,26.85,0,0,0
894,43.6,9,8,1.12,0.21,0,1,0,1,0,16,False,True,0,0,0,0,199,3.4,1840,1754,No comms for 90s +,No comms for 90s +,Not available because of DECO,26.85,0,0,0
896,43.8,9,8,1.12,0.21,0,1,0,1,0,16,False,True,0,0,0,0,199,3.4,1840,1754,No comms for 90s +,No comms for 90s +,Not available because of DECO,26.85,0,0,0
898,43.9,9,8,1.12,0.21,0,1,0,1,0,16,False,True,0,0,0,0,200,3.41,1824,1754,No comms for 90s +,No comms for 90s +,Not available because of DECO,25.13,0,0,0
900,43.7,9,8,1.12,0.21,0,1,0,1,0,16,False,True,0,0,0,0,199,3.41,1824,1756,No comms for 90s +,No comms for 90s +,Not available because of DECO,25.13,0,0,0
902,43.7,9,8,1.12,0.21,0,1,0,1,0,16,False,True,0,0,0,0,199,3.41,1824,1756,No comms for 90s +,No comms for 90s +,Not available because of DECO,25.88,0,0,0
904,43.8,9,8,1.12,0.21,0,1,0,1,0,16,False,True,0,0,0,0,199,3.4,1814,1756,No comms for 90s +,No comms for 90s +,Not available because of DECO,25.88,0,0,0
906,44,9,8,1.12,0.21,0,1,0,1,0,16,False,True,0,0,0,0,200,3.4,1814,1756,No comms for 90s +,No comms for 90s +,Not available because of DECO,25.88,0,0,0
908,44,9,8,1.12,0.21,0,1,0,1,0,16,False,True,0,0,0,0,199,3.4,1808,1756,No comms for 90s +,No comms for 90s +,Not available because of DECO,25.49,0,0,0
910,44,9,8,1.12,0.21,0,1,0,1,0,16,False,True,0,0,0,0,199,3.41,1808,1756,No comms for 90s +,No comms for 90s +,Not available because of DECO,25.49,0,0,0
912,44,9,8,1.13,0.21,0,1,0,1,0,16,False,True,0,0,0,0,199,3.41,1808,1756,No comms for 90s +,No comms for 90s +,Not available because of DECO,25.1,0,0,0
914,44.2,9,8,1.13,0.21,0,1,0,1,0,16,False,True,0,0,0,0,199,3.41,1788,1756,No comms for 90s +,No comms for 90s +,Not available because of DECO,25.1,0,0,0
916,44.1,9,8,1.13,0.21,0,1,0,1,0,16,False,True,0,0,0,0,200,3.4,1788,1756,No comms for 90s +,No comms for 90s +,Not available because of DECO,25.1,0,0,0
918,44,9,8,1.13,0.21,0,1,0,1,0,16,False,True,0,0,0,0,199,3.4,1776,1756,No comms for 90s +,No comms for 90s +,Not available because of DECO,24.52,0,0,0
920,44,9,8,1.12,0.21,0,1,0,1,0,16,False,True,0,0,0,0,199,3.4,1776,1756,No comms for 90s +,No comms for 90s +,Not available because of DECO,24.52,0,0,0
922,43.9,9,8,1.12,0.21,0,1,0,1,0,16,False,True,0,0,0,0,199,3.41,1776,1756,No comms for 90s +,No comms for 90s +,Not available because of DECO,25.26,0,0,0
924,43.9,9,8,1.12,0.21,0,1,0,1,0,16,False,True,0,0,0,0,199,3.41,1776,1756,No comms for 90s +,No comms for 90s +,Not available because of DECO,25.26,0,0,0
926,44,9,8,1.13,0.21,0,1,0,1,0,16,False,True,0,0,0,0,199,3.41,1776,1756,No comms for 90s +,No comms for 90s +,Not available because of DECO,25.26,0,0,0
928,43.9,9,8,1.12,0.21,0,1,0,1,0,16,False,True,0,0,0,0,199,3.41,1776,1756,No comms for 90s +,No comms for 90s +,Not available because of DECO,25.26,0,0,0
930,43.8,9,8,1.12,0.21,0,1,0,1,0,16,False,True,0,0,0,0,199,3.4,1776,1756,No comms for 90s +,No comms for 90s +,Not available because of DECO,25.26,0,0,0
932,43.6,9,8,1.12,0.21,0,1,0,1,0,16,False,True,0,0,0,0,199,3.39,1776,1756,No comms for 90s +,No comms for 90s +,Not available because of DECO,25.26,0,0,0
934,43.6,9,8,1.12,0.21,0,1,0,1,0,16,False,True,0,0,0,0,199,3.39,1776,1756,No comms for 90s +,No comms for 90s +,Not available because of DECO,25.26,0,0,0
936,43.7,9,8,1.12,0.21,0,1,0,1,0,16,False,True,0,0,0,0,199,3.39,1776,1756,No comms for 90s +,No comms for 90s +,Not available because of DECO,25.26,0,0,0
938,43.6,9,8,1.12,0.21,0,1,0,1,0,16,False,True,0,0,0,0,200,3.39,1776,1756,No comms for 90s +,No comms for 90s +,Not available because of DECO,25.26,0,0,0
940,43.7,9,9,1.12,0.21,0,1,0,1,0,16,False,True,0,0,0,0,199,3.39,1736,1756,No comms for 90s +,No comms for 90s +,Not available because of DECO,25.26,0,0,0
942,43.7,9,9,1.12,0.21,0,1,0,1,0,16,False,True,0,0,0,0,199,3.39,1736,1756,No comms for 90s +,No comms for 90s +,Not available because of DECO,25.26,0,0,0
944,43.6,9,9,1.12,0.21,0,1,0,1,0,16,False,True,0,0,0,0,199,3.4,1712,1756,No comms for 90s +,No comms for 90s +,Not available because of DECO,23.88,0,0,0
946,43.7,9,9,1.12,0.21,0,1,0,1,0,16,False,True,0,0,0,0,199,3.41,1712,1758,No comms for 90s +,No comms for 90s +,Not available because of DECO,23.88,0,0,0
948,43.7,9,9,1.12,0.21,0,1,0,1,0,16,False,True,0,0,0,0,199,3.41,1712,1758,No comms for 90s +,No comms for 90s +,Not available because of DECO,25.38,0,0,0
950,43.7,9,9,1.12,0.21,0,1,0,1,0,16,False,True,0,0,0,0,199,3.41,1700,1758,No comms for 90s +,No comms for 90s +,Not available because of DECO,25.38,0,0,0
952,43.7,9,9,1.12,0.21,0,1,0,1,0,16,False,True,0,0,0,0,199,3.4,1700,1758,No comms for 90s +,No comms for 90s +,Not available because of DECO,25.38,0,0,0
954,43.8,9,9,1.12,0.21,0,1,0,1,0,16,False,True,0,0,0,0,199,3.4,1696,1758,No comms for 90s +,No comms for 90s +,Not available because of DECO,24.06,0,0,0
956,43.7,9,9,1.12,0.21,0,1,0,1,0,16,False,True,0,0,0,0,199,3.4,1696,1756,No comms for 90s +,No comms for 90s +,Not available because of DECO,24.06,0,0,0
958,43.6,9,9,1.12,0.21,0,1,0,1,0,16,False,True,0,0,0,0,199,3.4,1696,1756,No comms for 90s +,No comms for 90s +,Not available because of DECO,24.62,0,0,0
960,43.6,9,9,1.12,0.21,0,1,0,1,0,16,False,True,0,0,0,0,199,3.41,1684,1758,No comms for 90s +,No comms for 90s +,Not available because of DECO,24.62,0,0,0
962,43.6,9,9,1.12,0.21,0,1,0,1,0,16,False,True,0,0,0,0,199,3.41,1684,1758,No comms for 90s +,No comms for 90s +,Not available because of DECO,24.62,0,0,0
964,43.6,9,9,1.12,0.21,0,1,0,1,0,16,False,True,0,0,0,0,199,3.4,1684,1758,No comms for 90s +,No comms for 90s +,Not available because of DECO,24.62,0,0,0
966,43.7,9,8,1.12,0.21,0,1,0,1,0,16,False,True,0,0,0,0,199,3.4,1678,1756,No comms for 90s +,No comms for 90s +,Not available because of DECO,24.62,0,0,0
968,43.7,9,8,1.12,0.21,0,1,0,1,0,16,False,True,0,0,0,0,200,3.4,1678,1756,No comms for 90s +,No comms for 90s +,Not available because of DECO,24.61,0,0,0
970,43.7,9,8,1.12,0.21,0,1,0,1,0,16,False,True,0,0,0,0,199,3.41,1658,1758,No comms for 90s +,No comms for 90s +,Not available because of DECO,24.61,0,0,0
972,43.7,9,8,1.12,0.21,0,1,0,1,0,16,False,True,0,0,0,0,199,3.41,1658,1758,No comms for 90s +,No comms for 90s +,Not available because of DECO,24.61,0,0,0
974,43.7,9,8,1.12,0.21,0,1,0,1,0,16,False,True,0,0,0,0,199,3.41,1658,1758,No comms for 90s +,No comms for 90s +,Not available because of DECO,24.79,0,0,0
976,43.8,9,8,1.12,0.21,0,1,0,1,0,16,False,True,0,0,0,0,199,3.4,1646,1758,No comms for 90s +,No comms for 90s +,Not available because of DECO,24.79,0,0,0
978,43.8,9,8,1.12,0.21,0,1,0,1,0,16,False,True,0,0,0,0,199,3.4,1646,1758,No comms for 90s +,No comms for 90s +,Not available because of DECO,25.72,0,0,0
980,43.7,9,8,1.12,0.21,0,1,0,1,0,16,False,True,0,0,0,0,199,3.4,1636,1758,No comms for 90s +,No comms for 90s +,Not available because of DECO,25.72,0,0,0
982,43.7,9,8,1.12,0.21,0,1,0,1,0,16,False,True,0,0,0,0,199,3.41,1636,1758,No comms for 90s +,No comms for 90s +,Not available because of DECO,25.72,0,0,0
984,43.7,9,9,1.12,0.21,0,1,0,1,0,16,False,True,0,0,0,0,199,3.41,1636,1758,No comms for 90s +,No comms for 90s +,Not available because of DECO,25.34,0,0,0
986,43.7,9,9,1.12,0.21,0,1,0,1,0,16,False,True,0,0,0,0,199,3.41,1630,1758,No comms for 90s +,No comms for 90s +,Not available because of DECO,25.34,0,0,0
988,43.6,9,9,1.12,0.21,0,1,0,1,0,16,False,True,0,0,0,0,200,3.4,1630,1758,No comms for 90s +,No comms for 90s +,Not available because of DECO,24.58,0,0,0
990,43.5,9,9,1.11,0.21,0,1,0,1,0,16,False,True,0,0,0,0,199,3.4,1620,1758,No comms for 90s +,No comms for 90s +,Not available because of DECO,24.58,0,0,0
992,43.4,9,9,1.11,0.21,0,1,0,1,0,16,False,True,0,0,0,0,199,3.4,1620,1758,No comms for 90s +,No comms for 90s +,Not available because of DECO,24.58,0,0,0
994,43.4,9,9,1.11,0.21,0,1,0,1,0,16,False,True,0,0,0,0,199,3.41,1620,1758,No comms for 90s +,No comms for 90s +,Not available because of DECO,24.96,0,0,0
996,43.4,9,9,1.11,0.21,0,1,0,1,0,16,False,True,0,0,0,0,200,3.41,1596,1758,No comms for 90s +,No comms for 90s +,Not available because of DECO,24.96,0,0,0
998,43.5,9,9,1.11,0.21,0,1,0,1,0,16,False,True,0,0,0,0,200,3.41,1596,1758,No comms for 90s +,No comms for 90s +,Not available because of DECO,26.47,0,0,0
1000,43.5,9,9,1.11,0.21,0,1,0,1,0,16,False,True,0,0,0,0,199,3.4,1596,1758,No comms for 90s +,No comms for 90s +,Not available because of DECO,26.47,0,0,0
1002,43.5,9,9,1.11,0.21,0,1,0,1,0,16,False,True,0,0,0,0,199,3.4,1596,1758,No comms for 90s +,No comms for 90s +,Not available because of DECO,26.47,0,0,0
1004,43.6,9,9,1.12,0.21,0,1,0,1,0,16,False,True,0,0,0,0,200,3.4,1596,1758,No comms for 90s +,No comms for 90s +,Not available because of DECO,24.96,0,0,0
1006,43.8,9,9,1.12,0.21,0,1,0,1,0,16,False,True,0,0,0,0,199,3.4,1596,1758,No comms for 90s +,No comms for 90s +,Not available because of DECO,24.96,0,0,0
1008,43.7,9,9,1.12,0.21,0,1,0,1,0,16,False,True,0,0,0,0,199,3.4,1596,1758,No comms for 90s +,No comms for 90s +,Not available because of DECO,24.96,0,0,0
1010,43.7,9,10,1.12,0.21,0,1,0,1,0,16,False,True,0,0,0,0,199,3.4,1572,1758,No comms for 90s +,No comms for 90s +,Not available because of DECO,24.96,0,0,0
1012,43.7,9,10,1.12,0.21,0,1,0,1,0,16,False,True,0,0,0,0,199,3.39,1572,1758,No comms for 90s +,No comms for 90s +,Not available because of DECO,24.96,0,0,0
1014,43.8,9,10,1.12,0.21,0,1,0,1,0,16,False,True,0,0,0,0,199,3.39,1550,1758,No comms for 90s +,No comms for 90s +,Not available because of DECO,26.08,0,0,0
1016,43.7,9,10,1.12,0.21,0,1,0,1,0,16,False,True,0,0,0,0,199,3.4,1550,1758,No comms for 90s +,No comms for 90s +,Not available because of DECO,26.08,0,0,0
1018,43.6,9,10,1.12,0.21,0,1,0,1,0,16,False,True,0,0,0,0,199,3.4,1550,1758,No comms for 90s +,No comms for 90s +,Not available because of DECO,27.2,0,0,0
1020,43.6,9,9,1.12,0.21,0,1,0,1,0,16,False,True,0,0,0,0,199,3.41,1544,1758,No comms for 90s +,No comms for 90s +,Not available because of DECO,27.2,0,0,0
1022,43.7,9,9,1.12,0.21,0,1,0,1,0,16,False,True,0,0,0,0,199,3.4,1544,1758,No comms for 90s +,No comms for 90s +,Not available because of DECO,27.2,0,0,0
1024,43.8,9,9,1.12,0.21,0,1,0,1,0,16,False,True,0,0,0,0,199,3.4,1530,1758,No comms for 90s +,No comms for 90s +,Not available because of DECO,26.26,0,0,0
1026,43.7,9,9,1.12,0.21,0,1,0,1,0,16,False,True,0,0,0,0,200,3.39,1530,1758,No comms for 90s +,No comms for 90s +,Not available because of DECO,26.26,0,0,0
1028,43.7,9,9,1.12,0.21,0,1,0,1,0,16,False,True,0,0,0,0,199,3.4,1530,1758,No comms for 90s +,No comms for 90s +,Not available because of DECO,26.64,0,0,0
1030,43.8,9,9,1.12,0.21,0,1,0,1,0,16,False,True,0,0,0,0,199,3.4,1522,1758,No comms for 90s +,No comms for 90s +,Not available because of DECO,26.64,0,0,0
1032,43.8,9,9,1.12,0.21,0,1,0,1,0,16,False,True,0,0,0,0,199,3.41,1522,1760,No comms for 90s +,No comms for 90s +,Not available because of DECO,26.64,0,0,0
1034,43.7,9,9,1.12,0.21,0,1,0,1,0,16,False,True,0,0,0,0,199,3.41,1512,1760,No comms for 90s +,No comms for 90s +,Not available because of DECO,26.83,0,0,0
1036,43.5,9,9,1.12,0.21,0,1,0,1,0,16,False,True,0,0,0,0,199,3.4,1512,1760,No comms for 90s +,No comms for 90s +,Not available because of DECO,26.83,0,0,0
1038,43.6,9,9,1.12,0.21,0,1,0,1,0,16,False,True,0,0,0,0,199,3.4,1512,1760,No comms for 90s +,No comms for 90s +,Not available because of DECO,25.9,0,0,0
1040,43.5,9,9,1.12,0.21,0,1,0,1,0,16,False,True,0,0,0,0,199,3.4,1506,1760,No comms for 90s +,No comms for 90s +,Not available because of DECO,25.9,0,0,0
1042,43.5,9,10,1.11,0.21,0,1,0,1,0,16,False,True,0,0,0,0,199,3.4,1506,1758,No comms for 90s +,No comms for 90s +,Not available because of DECO,25.9,0,0,0
1044,43.3,9,10,1.11,0.21,0,1,0,1,0,16,False,True,0,0,0,0,199,3.41,1506,1758,No comms for 90s +,No comms for 90s +,Not available because of DECO,25.35,0,0,0
1046,43.3,9,10,1.11,0.21,0,1,0,1,0,16,False,True,0,0,0,0,200,3.41,1496,1760,No comms for 90s +,No comms for 90s +,Not available because of DECO,25.35,0,0,0
1048,43.3,9,10,1.11,0.21,0,1,0,1,0,16,False,True,0,0,0,0,199,3.4,1496,1760,No comms for 90s +,No comms for 90s +,Not available because of DECO,25.36,0,0,0
1050,43.2,9,10,1.11,0.21,0,1,0,1,0,16,False,True,0,0,0,0,199,3.4,1486,1760,No comms for 90s +,No comms for 90s +,Not available because of DECO,25.36,0,0,0
1052,43.3,9,10,1.11,0.21,0,1,0,1,0,16,False,True,0,0,0,0,199,3.4,1486,1760,No comms for 90s +,No comms for 90s +,Not available because of DECO,25.36,0,0,0
1054,43.2,9,10,1.11,0.21,0,1,0,1,0,16,False,True,0,0,0,0,199,3.4,1482,1760,No comms for 90s +,No comms for 90s +,Not available because of DECO,25.37,0,0,0
1056,43.1,9,10,1.11,0.21,0,1,0,1,0,16,False,True,0,0,0,0,200,3.41,1482,1760,No comms for 90s +,No comms for 90s +,Not available because of DECO,25.37,0,0,0
1058,42.9,12,10,1.1,0.21,0,1,0,1,0,16,False,True,0,0,0,0,199,3.41,1482,1760,No comms for 90s +,No comms for 90s +,Not available because of DECO,24.82,0,0,0
1060,43.1,12,10,1.1,0.21,0,1,0,1,0,16,False,True,0,0,0,0,199,3.4,1468,1760,No comms for 90s +,No comms for 90s +,Not available because of DECO,24.82,0,0,0
1062,43.1,12,10,1.11,0.21,0,1,0,1,0,16,False,True,0,0,0,0,199,3.4,1468,1758,No comms for 90s +,No comms for 90s +,Not available because of DECO,24.82,0,0,0
1064,43.2,12,10,1.11,0.21,0,1,0,1,0,16,False,True,0,0,0,0,199,3.4,1468,1758,No comms for 90s +,No comms for 90s +,Not available because of DECO,25.21,0,0,0
1066,43.2,12,10,1.11,0.21,0,1,0,1,0,16,False,True,0,0,0,0,199,3.4,1458,1758,No comms for 90s +,No comms for 90s +,Not available because of DECO,25.21,0,0,0
1068,43.3,12,10,1.11,0.21,0,1,0,1,0,16,False,True,0,0,0,0,199,3.41,1458,1758,No comms for 90s +,No comms for 90s +,Not available because of DECO,23.9,0,0,0
1070,43.3,12,10,1.11,0.21,0,1,0,1,0,16,False,True,0,0,0,0,199,3.4,1448,1758,No comms for 90s +,No comms for 90s +,Not available because of DECO,23.9,0,0,0
1072,43.2,12,10,1.11,0.21,0,1,0,1,0,16,False,True,0,0,0,0,199,3.4,1448,1760,No comms for 90s +,No comms for 90s +,Not available because of DECO,23.9,0,0,0
1074,43.3,12,10,1.11,0.21,0,1,0,1,0,16,False,True,0,0,0,0,200,3.4,1448,1760,No comms for 90s +,No comms for 90s +,Not available because of DECO,23.72,0,0,0
1076,43.4,12,10,1.11,0.21,0,1,0,1,0,16,False,True,0,0,0,0,200,3.4,1438,1760,No comms for 90s +,No comms for 90s +,Not available because of DECO,23.72,0,0,0
1078,43.6,12,10,1.12,0.21,0,1,0,1,0,16,False,True,0,0,0,0,199,3.41,1438,1760,No comms for 90s +,No comms for 90s +,Not available because of DECO,24.29,0,0,0
1080,43.6,12,10,1.12,0.21,0,1,0,1,0,16,False,True,0,0,0,0,199,3.41,1426,1760,No comms for 90s +,No comms for 90s +,Not available because of DECO,24.29,0,0,0
1082,43.6,12,10,1.12,0.21,0,1,0,1,0,16,False,True,0,0,0,0,199,3.41,1426,1760,No comms for 90s +,No comms for 90s +,Not available because of DECO,24.29,0,0,0
1084,43.5,12,10,1.12,0.21,0,1,0,1,0,16,False,True,0,0,0,0,199,3.4,1426,1760,No comms for 90s +,No comms for 90s +,Not available because of DECO,24.29,0,0,0
1086,43.7,12,10,1.12,0.21,0,1,0,1,0,16,False,True,0,0,0,0,199,3.4,1416,1760,No comms for 90s +,No comms for 90s +,Not available because of DECO,24.29,0,0,0
1088,43.7,12,10,1.12,0.21,0,1,0,1,0,16,False,True,0,0,0,0,199,3.4,1416,1760,No comms for 90s +,No comms for 90s +,Not available because of DECO,24.66,0,0,0
1090,43.7,12,10,1.12,0.21,0,1,0,1,0,16,False,True,0,0,0,0,199,3.41,1406,1760,No comms for 90s +,No comms for 90s +,Not available because of DECO,24.66,0,0,0
1092,43.8,12,10,1.12,0.21,0,1,0,1,0,16,False,True,0,0,0,0,199,3.41,1406,1760,No comms for 90s +,No comms for 90s +,Not available because of DECO,24.66,0,0,0
1094,43.8,12,10,1.12,0.21,0,1,0,1,0,16,False,True,0,0,0,0,199,3.41,1406,1760,No comms for 90s +,No comms for 90s +,Not available because of DECO,23.72,0,0,0
1096,43.7,12,10,1.12,0.21,0,1,0,1,0,16,False,True,0,0,0,0,199,3.4,1394,1760,No comms for 90s +,No comms for 90s +,Not available because of DECO,23.72,0,0,0
1098,43.8,12,10,1.12,0.21,0,1,0,1,0,16,False,True,0,0,0,0,199,3.4,1394,1760,No comms for 90s +,No comms for 90s +,Not available because of DECO,23.72,0,0,0
1100,43.8,12,11,1.12,0.21,0,1,0,1,0,16,False,True,0,0,0,0,199,3.4,1382,1760,No comms for 90s +,No comms for 90s +,Not available because of DECO,23.72,0,0,0
1102,43.7,12,11,1.12,0.21,0,1,0,1,0,16,False,True,0,0,0,0,199,3.4,1382,1760,No comms for 90s +,No comms for 90s +,Not available because of DECO,23.72,0,0,0
1104,43.8,12,11,1.12,0.21,0,1,0,1,0,16,False,True,0,0,0,0,200,3.41,1382,1760,No comms for 90s +,No comms for 90s +,Not available because of DECO,23.91,0,0,0
1106,43.8,12,11,1.12,0.21,0,1,0,1,0,16,False,True,0,0,0,0,199,3.41,1370,1758,No comms for 90s +,No comms for 90s +,Not available because of DECO,23.91,0,0,0
1108,43.6,12,11,1.12,0.21,0,1,0,1,0,16,False,True,0,0,0,0,199,3.4,1370,1758,No comms for 90s +,No comms for 90s +,Not available because of DECO,24.48,0,0,0
1110,43.6,12,11,1.12,0.21,0,1,0,1,0,16,False,True,0,0,0,0,199,3.4,1358,1758,No comms for 90s +,No comms for 90s +,Not available because of DECO,24.48,0,0,0
1112,43.6,12,11,1.12,0.21,0,1,0,1,0,16,False,True,0,0,0,0,199,3.4,1358,1758,No comms for 90s +,No comms for 90s +,Not available because of DECO,24.48,0,0,0
1114,43.6,12,11,1.12,0.21,0,1,0,1,0,16,False,True,0,0,0,0,199,3.4,1356,1758,No comms for 90s +,No comms for 90s +,Not available because of DECO,24.67,0,0,0
1116,43.6,12,11,1.12,0.21,0,1,0,1,0,16,False,True,0,0,0,0,199,3.41,1356,1760,No comms for 90s +,No comms for 90s +,Not available because of DECO,24.67,0,0,0
1118,43.5,12,11,1.11,0.21,0,1,0,1,0,16,False,True,0,0,0,0,199,3.41,1356,1760,No comms for 90s +,No comms for 90s +,Not available because of DECO,22.59,0,0,0
1120,43.5,12,11,1.11,0.21,0,1,0,1,0,16,False,True,0,0,0,0,199,3.4,1358,1760,No comms for 90s +,No comms for 90s +,Not available because of DECO,22.59,0,0,0
1122,43.4,12,11,1.11,0.21,0,1,0,1,0,16,False,True,0,0,0,0,199,3.4,1358,1758,No comms for 90s +,No comms for 90s +,Not available because of DECO,22.59,0,0,0
1124,43.4,12,11,1.11,0.21,0,1,0,1,0,16,False,True,0,0,0,0,200,3.4,1354,1758,No comms for 90s +,No comms for 90s +,Not available because of DECO,22.4,0,0,0
1126,43.5,12,11,1.11,0.21,0,1,0,1,0,16,False,True,0,0,0,0,199,3.4,1354,1758,No comms for 90s +,No comms for 90s +,Not available because of DECO,22.4,0,0,0
1128,43.5,12,10,1.12,0.21,0,1,0,1,0,16,False,True,0,0,0,0,199,3.41,1354,1758,No comms for 90s +,No comms for 90s +,Not available because of DECO,21.65,0,0,0
1130,43.4,12,10,1.11,0.21,0,1,0,1,0,16,False,True,0,0,0,0,199,3.4,1340,1758,No comms for 90s +,No comms for 90s +,Not available because of DECO,21.65,0,0,0
1132,43.4,12,10,1.11,0.21,0,1,0,1,0,16,False,True,0,0,0,0,199,3.4,1340,1758,No comms for 90s +,No comms for 90s +,Not available because of DECO,21.65,0,0,0
1134,43.4,12,11,1.11,0.21,0,1,0,1,0,16,False,True,0,0,0,0,199,3.4,1340,1758,No comms for 90s +,No comms for 90s +,Not available because of DECO,21.85,0,0,0
1136,43.4,12,11,1.11,0.21,0,1,0,1,0,16,False,True,0,0,0,0,199,3.4,1318,1758,No comms for 90s +,No comms for 90s +,Not available because of DECO,21.85,0,0,0
1138,43.5,12,11,1.11,0.21,0,1,0,1,0,16,False,True,0,0,0,0,199,3.4,1318,1758,No comms for 90s +,No comms for 90s +,Not available because of DECO,21.85,0,0,0
1140,43.5,12,11,1.11,0.21,0,1,0,1,0,16,False,True,0,0,0,0,199,3.41,1314,1758,No comms for 90s +,No comms for 90s +,Not available because of DECO,21.85,0,0,0
1142,43.5,12,11,1.11,0.21,0,1,0,1,0,16,False,True,0,0,0,0,199,3.41,1314,1758,No comms for 90s +,No comms for 90s +,Not available because of DECO,21.85,0,0,0
1144,43.6,12,11,1.12,0.21,0,1,0,1,0,16,False,True,0,0,0,0,199,3.4,1304,1758,No comms for 90s +,No comms for 90s +,Not available because of DECO,21.66,0,0,0
1146,43.5,12,11,1.12,0.21,0,1,0,1,0,16,False,True,0,0,0,0,199,3.4,1304,1758,No comms for 90s +,No comms for 90s +,Not available because of DECO,21.66,0,0,0
1148,43.5,12,11,1.11,0.21,0,1,0,1,0,16,False,True,0,0,0,0,199,3.4,1304,1756,No comms for 90s +,No comms for 90s +,Not available because of DECO,21.48,0,0,0
1150,43.4,12,11,1.11,0.21,0,1,0,1,0,16,False,True,0,0,0,0,199,3.41,1294,1756,No comms for 90s +,No comms for 90s +,Not available because of DECO,21.48,0,0,0
1152,43.3,12,11,1.11,0.21,0,1,0,1,0,16,False,True,0,0,0,0,199,3.41,1294,1744,No comms for 90s +,No comms for 90s +,Not available because of DECO,21.48,0,0,0
1154,43.3,12,11,1.11,0.21,0,1,0,1,0,16,False,True,0,0,0,0,199,3.41,1300,1744,No comms for 90s +,No comms for 90s +,Not available because of DECO,23,0,0,0
1156,43.4,12,11,1.11,0.21,0,1,0,1,0,16,False,True,0,0,0,0,199,3.4,1300,1744,No comms for 90s +,No comms for 90s +,Not available because of DECO,23,0,0,0
1158,43.4,12,11,1.11,0.21,0,1,0,1,0,16,False,True,0,0,0,0,199,3.4,1300,1732,No comms for 90s +,No comms for 90s +,Not available because of DECO,22.63,0,0,0
1160,43.3,12,11,1.11,0.21,0,1,0,1,0,16,False,True,0,0,0,0,199,3.4,1304,1732,No comms for 90s +,No comms for 90s +,Not available because of DECO,22.63,0,0,0
1162,43.1,12,12,1.11,0.21,0,1,0,1,0,16,False,True,0,0,0,0,199,3.4,1304,1714,No comms for 90s +,No comms for 90s +,Not available because of DECO,22.63,0,0,0
1164,43.3,12,12,1.11,0.21,0,1,0,1,0,16,False,True,0,0,0,0,200,3.41,1308,1714,No comms for 90s +,No comms for 90s +,Not available because of DECO,23.2,0,0,0
1166,43.4,12,12,1.11,0.21,0,1,0,1,0,16,False,True,0,0,0,0,199,3.4,1308,1714,No comms for 90s +,No comms for 90s +,Not available because of DECO,23.2,0,0,0
1168,43.4,12,12,1.11,0.21,0,1,0,1,0,16,False,True,0,0,0,0,199,3.4,1308,1700,No comms for 90s +,No comms for 90s +,Not available because of DECO,23.39,0,0,0
1170,43.4,12,12,1.11,0.21,0,1,0,1,0,16,False,True,0,0,0,0,199,3.4,1312,1700,No comms for 90s +,No comms for 90s +,Not available because of DECO,23.39,0,0,0
1172,43.3,12,12,1.11,0.21,0,1,0,1,0,16,False,True,0,0,0,0,199,3.4,1312,1684,No comms for 90s +,No comms for 90s +,Not available because of DECO,23.39,0,0,0
1174,43.3,12,12,1.11,0.21,0,1,0,1,0,16,False,True,0,0,0,0,199,3.41,1314,1684,No comms for 90s +,No comms for 90s +,Not available because of DECO,23.58,0,0,0
1176,43.2,12,12,1.11,0.21,0,1,0,1,0,16,False,True,0,0,0,0,199,3.41,1314,1684,No comms for 90s +,No comms for 90s +,Not available because of DECO,23.58,0,0,0
1178,43.2,12,12,1.11,0.21,0,1,0,1,0,16,False,True,0,0,0,0,199,3.41,1314,1668,No comms for 90s +,No comms for 90s +,Not available because of DECO,24.52,0,0,0
1180,43.2,12,12,1.11,0.21,0,1,0,1,0,16,False,True,0,0,0,0,199,3.4,1318,1668,No comms for 90s +,No comms for 90s +,Not available because of DECO,24.52,0,0,0
1182,43.1,12,12,1.11,0.21,0,1,0,1,0,16,False,True,0,0,0,0,200,3.4,1318,1652,No comms for 90s +,No comms for 90s +,Not available because of DECO,24.52,0,0,0
1184,43.2,12,11,1.11,0.21,0,1,0,1,0,16,False,True,0,0,0,0,199,3.4,1320,1652,No comms for 90s +,No comms for 90s +,Not available because of DECO,24.15,0,0,0
1186,43.2,12,11,1.11,0.21,0,1,0,1,0,16,False,True,0,0,0,0,199,3.4,1320,1652,No comms for 90s +,No comms for 90s +,Not available because of DECO,24.15,0,0,0
1188,43.2,12,11,1.11,0.21,0,1,0,1,0,16,False,True,0,0,0,0,199,3.41,1320,1620,No comms for 90s +,No comms for 90s +,Not available because of DECO,26.02,0,0,0
1190,43.1,12,11,1.11,0.21,0,1,0,1,0,16,False,True,0,0,0,0,199,3.41,1322,1620,No comms for 90s +,No comms for 90s +,Not available because of DECO,26.02,0,0,0
1192,43,12,11,1.11,0.21,0,1,0,1,0,16,False,True,0,0,0,0,199,3.4,1322,1610,No comms for 90s +,No comms for 90s +,Not available because of DECO,26.02,0,0,0
1194,42.9,12,12,1.1,0.21,0,1,0,1,0,16,False,True,0,0,0,0,200,3.4,1324,1610,No comms for 90s +,No comms for 90s +,Not available because of DECO,26.03,0,0,0
1196,42.7,12,12,1.1,0.21,0,1,0,1,0,16,False,True,0,0,0,0,199,3.4,1324,1610,No comms for 90s +,No comms for 90s +,Not available because of DECO,26.03,0,0,0
1198,42.8,12,12,1.1,0.21,0,1,0,1,0,16,False,True,0,0,0,0,199,3.4,1324,1616,No comms for 90s +,No comms for 90s +,Not available because of DECO,24.35,0,0,0
1200,42.7,12,12,1.1,0.21,0,1,0,1,0,16,False,True,0,0,0,0,199,3.41,1326,1616,No comms for 90s +,No comms for 90s +,Not available because of DECO,24.35,0,0,0
1202,42.5,12,12,1.1,0.21,0,1,0,1,0,16,False,True,0,0,0,0,199,3.41,1326,1602,No comms for 90s +,No comms for 90s +,Not available because of DECO,24.35,0,0,0
1204,42.4,12,12,1.09,0.21,0,1,0,1,0,16,False,True,0,0,0,0,199,3.4,1328,1602,No comms for 90s +,No comms for 90s +,Not available because of DECO,24.17,0,0,0
1206,42.3,12,12,1.09,0.21,0,1,0,1,0,16,False,True,0,0,0,0,199,3.4,1328,1602,No comms for 90s +,No comms for 90s +,Not available because of DECO,24.17,0,0,0
1208,42.3,12,12,1.09,0.21,0,1,0,1,0,16,False,True,0,0,0,0,199,3.4,1328,1596,No comms for 90s +,No comms for 90s +,Not available because of DECO,24.75,0,0,0
1210,42.5,12,12,1.09,0.21,0,1,0,1,0,16,False,True,0,0,0,0,199,3.4,1328,1596,No comms for 90s +,No comms for 90s +,Not available because of DECO,24.75,0,0,0
1212,42.7,12,12,1.1,0.21,0,1,0,1,0,16,False,True,0,0,0,0,200,3.41,1328,1578,No comms for 90s +,No comms for 90s +,Not available because of DECO,24.75,0,0,0
1214,42.7,12,12,1.1,0.21,0,1,0,1,0,16,False,True,0,0,0,0,199,3.41,1332,1578,No comms for 90s +,No comms for 90s +,Not available because of DECO,24.59,0,0,0
1216,42.7,12,12,1.1,0.21,0,1,0,1,0,16,False,True,0,0,0,0,199,3.4,1332,1578,No comms for 90s +,No comms for 90s +,Not available because of DECO,24.59,0,0,0
1218,42.8,12,12,1.1,0.21,0,1,0,1,0,16,False,True,0,0,0,0,199,3.4,1332,1568,No comms for 90s +,No comms for 90s +,Not available because of DECO,24.04,0,0,0
1220,43,12,12,1.1,0.21,0,1,0,1,0,16,False,True,0,0,0,0,199,3.4,1334,1568,No comms for 90s +,No comms for 90s +,Not available because of DECO,24.04,0,0,0
1222,43.1,12,12,1.11,0.21,0,1,0,1,0,16,False,True,0,0,0,0,200,3.4,1334,1540,No comms for 90s +,No comms for 90s +,Not available because of DECO,24.04,0,0,0
1224,43.2,12,12,1.11,0.21,0,1,0,1,0,16,False,True,0,0,0,0,199,3.41,1334,1540,No comms for 90s +,No comms for 90s +,Not available because of DECO,25.38,0,0,0
1226,43.2,12,12,1.11,0.21,0,1,0,1,0,16,False,True,0,0,0,0,199,3.4,1334,1540,No comms for 90s +,No comms for 90s +,Not available because of DECO,25.38,0,0,0
1228,43.3,12,12,1.11,0.21,0,1,0,1,0,16,False,True,0,0,0,0,199,3.4,1334,1518,No comms for 90s +,No comms for 90s +,Not available because of DECO,26.15,0,0,0
1230,43.4,12,12,1.11,0.21,0,1,0,1,0,16,False,True,0,0,0,0,199,3.4,1334,1518,No comms for 90s +,No comms for 90s +,Not available because of DECO,26.15,0,0,0
1232,43.2,12,13,1.11,0.21,0,1,0,1,0,16,False,True,0,0,0,0,199,3.4,1334,1518,No comms for 90s +,No comms for 90s +,Not available because of DECO,26.15,0,0,0
1234,43.1,12,13,1.11,0.21,0,1,0,1,0,16,False,True,0,0,0,0,199,3.4,1336,1526,No comms for 90s +,No comms for 90s +,Not available because of DECO,24.26,0,0,0
1236,43.1,12,13,1.11,0.21,0,1,0,1,0,16,False,True,0,0,0,0,199,3.41,1336,1526,No comms for 90s +,No comms for 90s +,Not available because of DECO,24.26,0,0,0
1238,43.2,12,13,1.11,0.21,0,1,0,1,0,16,False,True,0,0,0,0,199,3.41,1336,1500,No comms for 90s +,No comms for 90s +,Not available because of DECO,26.55,0,0,0
1240,43.3,12,13,1.11,0.21,0,1,0,1,0,16,False,True,0,0,0,0,199,3.4,1336,1500,No comms for 90s +,No comms for 90s +,Not available because of DECO,26.55,0,0,0
1242,43.3,12,13,1.11,0.21,0,1,0,1,0,16,False,True,0,0,0,0,200,3.4,1336,1500,No comms for 90s +,No comms for 90s +,Not available because of DECO,26.55,0,0,0
1244,43.2,12,12,1.11,0.21,0,1,0,1,0,16,False,True,0,0,0,0,199,3.4,1338,1500,No comms for 90s +,No comms for 90s +,Not available because of DECO,26.55,0,0,0
1246,43.1,12,12,1.11,0.21,0,1,0,1,0,16,False,True,0,0,0,0,199,3.4,1338,1500,No comms for 90s +,No comms for 90s +,Not available because of DECO,26.55,0,0,0
1248,43,12,12,1.11,0.21,0,1,0,1,0,16,False,True,0,0,0,0,199,3.41,1338,1500,No comms for 90s +,No comms for 90s +,Not available because of DECO,25.99,0,0,0
1250,43,12,12,1.1,0.21,0,1,0,1,0,16,False,True,0,0,0,0,199,3.41,1338,1500,No comms for 90s +,No comms for 90s +,Not available because of DECO,25.99,0,0,0
1252,43.1,12,12,1.11,0.21,0,1,0,1,0,16,False,True,0,0,0,0,199,3.4,1338,1500,No comms for 90s +,No comms for 90s +,Not available because of DECO,25.99,0,0,0
1254,43,12,12,1.1,0.21,0,1,0,1,0,16,False,True,0,0,0,0,199,3.39,1340,1480,No comms for 90s +,No comms for 90s +,Not available because of DECO,26.57,0,0,0
1256,42.8,12,12,1.1,0.21,0,1,0,1,0,16,False,True,0,0,0,0,199,3.4,1340,1480,No comms for 90s +,No comms for 90s +,Not available because of DECO,26.57,0,0,0
1258,42.8,12,12,1.1,0.21,0,1,0,1,0,16,False,True,0,0,0,0,199,3.4,1340,1476,No comms for 90s +,No comms for 90s +,Not available because of DECO,26.77,0,0,0
1260,42.9,12,13,1.1,0.21,0,1,0,1,0,16,False,True,0,0,0,0,199,3.41,1340,1476,No comms for 90s +,No comms for 90s +,Not available because of DECO,26.77,0,0,0
1262,42.9,12,13,1.1,0.21,0,1,0,1,0,16,False,True,0,0,0,0,199,3.4,1340,1476,No comms for 90s +,No comms for 90s +,Not available because of DECO,26.77,0,0,0
1264,42.9,12,13,1.1,0.21,0,1,0,1,0,16,False,True,0,0,0,0,199,3.4,1340,1468,No comms for 90s +,No comms for 90s +,Not available because of DECO,27.54,0,0,0
1266,42.9,12,13,1.1,0.21,0,1,0,1,0,16,False,True,0,0,0,0,199,3.39,1340,1468,No comms for 90s +,No comms for 90s +,Not available because of DECO,27.54,0,0,0
1268,43.1,12,13,1.11,0.21,0,1,0,1,0,16,False,True,0,0,0,0,199,3.4,1340,1458,No comms for 90s +,No comms for 90s +,Not available because of DECO,28.31,0,0,0
1270,43.4,12,13,1.11,0.21,0,1,0,1,0,16,False,True,0,0,0,0,199,3.4,1342,1458,No comms for 90s +,No comms for 90s +,Not available because of DECO,28.31,0,0,0
1272,43.4,12,13,1.11,0.21,0,1,0,1,0,16,False,True,0,0,0,0,200,3.41,1342,1458,No comms for 90s +,No comms for 90s +,Not available because of DECO,28.31,0,0,0
1274,43.3,12,13,1.11,0.21,0,1,0,1,0,16,False,True,0,0,0,0,199,3.41,1342,1444,No comms for 90s +,No comms for 90s +,Not available because of DECO,28.5,0,0,0
1276,43.2,12,13,1.11,0.21,0,1,0,1,0,16,False,True,0,0,0,0,199,3.4,1342,1444,No comms for 90s +,No comms for 90s +,Not available because of DECO,28.5,0,0,0
1278,43.2,12,13,1.11,0.21,0,1,0,1,0,16,False,True,0,0,0,0,199,3.4,1342,1426,No comms for 90s +,No comms for 90s +,Not available because of DECO,29.07,0,0,0
1280,43.1,12,13,1.11,0.21,0,1,0,1,0,16,False,True,0,0,0,0,199,3.4,1342,1426,No comms for 90s +,No comms for 90s +,Not available because of DECO,29.07,0,0,0
1282,43.3,12,13,1.11,0.21,0,1,0,1,0,16,False,True,0,0,0,0,199,3.41,1342,1426,No comms for 90s +,No comms for 90s +,Not available because of DECO,29.07,0,0,0
1284,43.4,12,13,1.11,0.21,0,1,0,1,0,16,False,True,0,0,0,0,199,3.41,1344,1410,No comms for 90s +,No comms for 90s +,Not available because of DECO,28.88,0,0,0
1286,43.3,12,13,1.11,0.21,0,1,0,1,0,16,False,True,0,0,0,0,199,3.41,1344,1410,No comms for 90s +,No comms for 90s +,Not available because of DECO,28.88,0,0,0
1288,43.2,12,13,1.11,0.21,0,1,0,1,0,16,False,True,0,0,0,0,199,3.4,1344,1412,No comms for 90s +,No comms for 90s +,Not available because of DECO,27.36,0,0,0
1290,43.2,12,13,1.11,0.21,0,1,0,1,0,16,False,True,0,0,0,0,200,3.4,1344,1412,No comms for 90s +,No comms for 90s +,Not available because of DECO,27.36,0,0,0
1292,43.3,12,13,1.11,0.21,0,1,0,1,0,16,False,True,0,0,0,0,199,3.4,1344,1412,No comms for 90s +,No comms for 90s +,Not available because of DECO,27.36,0,0,0
1294,43.5,12,14,1.11,0.21,0,1,0,1,0,16,False,True,0,0,0,0,199,3.4,1344,1400,No comms for 90s +,No comms for 90s +,Not available because of DECO,26.98,0,0,0
1296,43.6,12,14,1.12,0.21,0,1,0,1,0,16,False,True,0,0,0,0,199,3.41,1344,1400,No comms for 90s +,No comms for 90s +,Not available because of DECO,26.98,0,0,0
1298,43.5,12,13,1.12,0.21,0,1,0,1,0,16,False,True,0,0,0,0,199,3.41,1344,1386,No comms for 90s +,No comms for 90s +,Not available because of DECO,26.79,0,0,0
1300,43.4,12,13,1.11,0.21,0,1,0,1,0,16,False,True,0,0,0,0,199,3.4,1344,1386,No comms for 90s +,No comms for 90s +,Not available because of DECO,26.79,0,0,0
1302,43.4,12,13,1.11,0.21,0,1,0,1,0,16,False,True,0,0,0,0,199,3.4,1344,1386,No comms for 90s +,No comms for 90s +,Not available because of DECO,26.79,0,0,0
1304,43.4,12,13,1.11,0.21,0,1,0,1,0,16,False,True,0,0,0,0,199,3.39,1344,1370,No comms for 90s +,No comms for 90s +,Not available because of DECO,26.78,0,0,0
1306,43.4,12,13,1.11,0.21,0,1,0,1,0,16,False,True,0,0,0,0,199,3.4,1344,1370,No comms for 90s +,No comms for 90s +,Not available because of DECO,26.78,0,0,0
1308,43.3,12,13,1.11,0.21,0,1,0,1,0,16,False,True,0,0,0,0,200,3.41,1344,1356,No comms for 90s +,No comms for 90s +,Not available because of DECO,25.07,0,0,0
1310,43.1,12,13,1.11,0.21,0,1,0,1,0,16,False,True,0,0,0,0,199,3.4,1346,1356,No comms for 90s +,No comms for 90s +,Not available because of DECO,25.07,0,0,0
1312,43.1,12,13,1.11,0.21,0,1,0,1,0,16,False,True,0,0,0,0,199,3.4,1346,1356,No comms for 90s +,No comms for 90s +,Not available because of DECO,25.07,0,0,0
1314,43.2,12,13,1.11,0.21,0,1,0,1,0,16,False,True,0,0,0,0,199,3.4,1346,1344,No comms for 90s +,No comms for 90s +,Not available because of DECO,25.26,0,0,0
1316,43.3,12,14,1.11,0.21,0,1,0,1,0,16,False,True,0,0,0,0,199,3.4,1346,1344,No comms for 90s +,No comms for 90s +,Not available because of DECO,25.26,0,0,0
1318,43.3,12,14,1.11,0.21,0,1,0,1,0,16,False,True,0,0,0,0,199,3.41,1346,1316,No comms for 90s +,No comms for 90s +,Not available because of DECO,28.48,0,0,0
1320,43.4,12,14,1.11,0.21,0,1,0,1,0,16,False,True,0,0,0,0,199,3.41,1346,1316,No comms for 90s +,No comms for 90s +,Not available because of DECO,28.48,0,0,0
1322,43.5,12,14,1.11,0.21,0,1,0,1,0,16,False,True,0,0,0,0,199,3.41,1346,1316,No comms for 90s +,No comms for 90s +,Not available because of DECO,28.48,0,0,0
1324,43.3,12,14,1.11,0.21,0,1,0,1,0,16,False,True,0,0,0,0,199,3.4,1348,1310,No comms for 90s +,No comms for 90s +,Not available because of DECO,27.71,0,0,0
1326,43.2,12,14,1.11,0.21,0,1,0,1,0,16,False,True,0,0,0,0,199,3.39,1348,1310,No comms for 90s +,No comms for 90s +,Not available because of DECO,27.71,0,0,0
1328,43,12,14,1.1,0.21,0,1,0,1,0,16,False,True,0,0,0,0,199,3.4,1348,1298,No comms for 90s +,No comms for 90s +,Not available because of DECO,28.27,0,0,0
1330,42.7,12,14,1.1,0.21,0,1,0,1,0,16,False,True,0,0,0,0,200,3.4,1346,1298,No comms for 90s +,No comms for 90s +,Not available because of DECO,28.27,0,0,0
1332,42.7,12,14,1.1,0.21,0,1,0,1,0,16,False,True,0,0,0,0,199,3.41,1346,1298,No comms for 90s +,No comms for 90s +,Not available because of DECO,28.27,0,0,0
1334,43.1,12,14,1.11,0.21,0,1,0,1,0,16,False,True,0,0,0,0,199,3.4,1346,1270,No comms for 90s +,No comms for 90s +,Not available because of DECO,29.21,0,0,0
1336,43.2,12,14,1.11,0.21,0,1,0,1,0,16,False,True,0,0,0,0,199,3.4,1346,1270,No comms for 90s +,No comms for 90s +,Not available because of DECO,29.21,0,0,0
1338,43.4,12,14,1.11,0.21,0,1,0,1,0,16,False,True,0,0,0,0,200,3.4,1346,1252,No comms for 90s +,No comms for 90s +,Not available because of DECO,29.95,0,0,0
1340,43.6,12,14,1.12,0.21,0,1,0,1,0,16,False,True,0,0,0,0,199,3.4,1348,1252,No comms for 90s +,No comms for 90s +,Not available because of DECO,29.95,0,0,0
1342,43.7,12,14,1.12,0.21,0,1,0,1,0,16,False,True,0,0,0,0,199,3.4,1348,1252,No comms for 90s +,No comms for 90s +,Not available because of DECO,29.95,0,0,0
1344,43.8,12,14,1.12,0.21,0,1,0,1,0,16,False,True,0,0,0,0,199,3.41,1348,1256,No comms for 90s +,No comms for 90s +,Not available because of DECO,26.9,0,0,0
1346,43.9,12,15,1.12,0.21,0,1,0,1,0,16,False,True,0,0,0,0,199,3.4,1348,1256,No comms for 90s +,No comms for 90s +,Not available because of DECO,26.9,0,0,0
1348,44.1,12,15,1.13,0.21,0,1,0,1,0,16,False,True,0,0,0,0,199,3.4,1348,1236,No comms for 90s +,No comms for 90s +,Not available because of DECO,26.69,0,0,0
1350,43.9,12,15,1.12,0.21,0,1,0,1,0,16,False,True,0,0,0,0,200,3.4,1348,1236,No comms for 90s +,No comms for 90s +,Not available because of DECO,26.69,0,0,0
1352,43.8,12,15,1.12,0.21,0,1,0,1,0,16,False,True,0,0,0,0,199,3.4,1348,1236,No comms for 90s +,No comms for 90s +,Not available because of DECO,26.69,0,0,0
1354,43.8,12,15,1.12,0.21,0,1,0,1,0,16,False,True,0,0,0,0,199,3.4,1348,1232,No comms for 90s +,No comms for 90s +,Not available because of DECO,27.81,0,0,0
1356,43.9,12,15,1.12,0.21,0,1,0,1,0,16,False,True,0,0,0,0,199,3.41,1348,1232,No comms for 90s +,No comms for 90s +,Not available because of DECO,27.81,0,0,0
1358,43.7,12,15,1.12,0.21,0,1,0,1,0,16,False,True,0,0,0,0,199,3.41,1348,1212,No comms for 90s +,No comms for 90s +,Not available because of DECO,27.23,0,0,0
1360,43.9,12,15,1.12,0.21,0,1,0,1,0,16,False,True,0,0,0,0,200,3.4,1354,1212,No comms for 90s +,No comms for 90s +,Not available because of DECO,27.23,0,0,0
1362,43.7,12,15,1.12,0.21,0,1,0,1,0,16,False,True,0,0,0,0,199,3.4,1354,1212,No comms for 90s +,No comms for 90s +,Not available because of DECO,27.23,0,0,0
1364,43.7,12,14,1.12,0.21,0,1,0,1,0,16,False,True,0,0,0,0,199,3.4,1348,1202,No comms for 90s +,No comms for 90s +,Not available because of DECO,28.17,0,0,0
1366,43.7,12,14,1.12,0.21,0,1,0,1,0,16,False,True,0,0,0,0,199,3.41,1348,1202,No comms for 90s +,No comms for 90s +,Not available because of DECO,28.17,0,0,0
1368,43.9,12,14,1.12,0.21,0,1,0,1,0,16,False,True,0,0,0,0,199,3.41,1348,1178,No comms for 90s +,No comms for 90s +,Not available because of DECO,30.42,0,0,0
1370,43.9,12,14,1.12,0.21,0,1,0,1,0,16,False,True,0,0,0,0,199,3.41,1348,1178,No comms for 90s +,No comms for 90s +,Not available because of DECO,30.42,0,0,0
1372,43.9,12,14,1.12,0.21,0,1,0,1,0,16,False,True,0,0,0,0,199,3.4,1348,1178,No comms for 90s +,No comms for 90s +,Not available because of DECO,30.42,0,0,0
1374,43.9,12,14,1.12,0.21,0,1,0,1,0,16,False,True,0,0,0,0,199,3.4,1348,1172,No comms for 90s +,No comms for 90s +,Not available because of DECO,29.08,0,0,0
1376,43.8,12,14,1.12,0.21,0,1,0,1,0,16,False,True,0,0,0,0,199,3.4,1348,1172,No comms for 90s +,No comms for 90s +,Not available because of DECO,29.08,0,0,0
1378,43.8,12,14,1.12,0.21,0,1,0,1,0,16,False,True,0,0,0,0,200,3.4,1348,1160,No comms for 90s +,No comms for 90s +,Not available because of DECO,29.82,0,0,0
1380,43.7,12,15,1.12,0.21,0,1,0,1,0,16,False,True,0,0,0,0,200,3.4,1348,1160,No comms for 90s +,No comms for 90s +,Not available because of DECO,29.82,0,0,0
1382,43.9,12,15,1.12,0.21,0,1,0,1,0,16,False,True,0,0,0,0,199,3.4,1348,1160,No comms for 90s +,No comms for 90s +,Not available because of DECO,29.82,0,0,0
1384,43.7,12,15,1.12,0.21,0,1,0,1,0,16,False,True,0,0,0,0,199,3.39,1350,1128,No comms for 90s +,No comms for 90s +,Not available because of DECO,32.06,0,0,0
1386,43.7,12,15,1.12,0.21,0,1,0,1,0,16,False,True,0,0,0,0,199,3.39,1350,1128,No comms for 90s +,No comms for 90s +,Not available because of DECO,32.06,0,0,0
1388,43.6,12,15,1.12,0.21,0,1,0,1,0,16,False,True,0,0,0,0,199,3.4,1350,1140,No comms for 90s +,No comms for 90s +,Not available because of DECO,29.97,0,0,0
1390,43.6,12,15,1.12,0.21,0,1,0,1,0,16,False,True,0,0,0,0,199,3.4,1350,1140,No comms for 90s +,No comms for 90s +,Not available because of DECO,29.97,0,0,0
1392,43.6,12,15,1.12,0.21,0,1,0,1,0,16,False,True,0,0,0,0,199,3.41,1350,1140,No comms for 90s +,No comms for 90s +,Not available because of DECO,29.97,0,0,0
1394,43.4,12,15,1.11,0.21,0,1,0,1,0,16,False,True,0,0,0,0,199,3.4,1350,1102,No comms for 90s +,No comms for 90s +,Not available because of DECO,32.22,0,0,0
1396,43.2,12,15,1.11,0.21,0,1,0,1,0,16,False,True,0,0,0,0,199,3.4,1350,1102,No comms for 90s +,No comms for 90s +,Not available because of DECO,32.22,0,0,0
1398,42.9,12,15,1.1,0.21,0,1,0,1,0,16,False,True,0,0,0,0,200,3.39,1350,1114,No comms for 90s +,No comms for 90s +,Not available because of DECO,29.4,0,0,0
1400,42.8,12,15,1.1,0.21,0,1,0,1,0,16,False,True,0,0,0,0,199,3.39,1350,1114,No comms for 90s +,No comms for 90s +,Not available because of DECO,29.4,0,0,0
1402,42.5,12,15,1.09,0.21,0,1,0,1,0,16,False,True,0,0,0,0,199,3.4,1350,1114,No comms for 90s +,No comms for 90s +,Not available because of DECO,29.4,0,0,0
1404,42.4,12,15,1.09,0.21,0,1,0,1,0,16,False,True,0,0,0,0,199,3.4,1350,1092,No comms for 90s +,No comms for 90s +,Not available because of DECO,29.4,0,0,0
1406,42.5,12,15,1.09,0.21,0,1,0,1,0,16,False,True,0,0,0,0,199,3.4,1350,1092,No comms for 90s +,No comms for 90s +,Not available because of DECO,29.4,0,0,0
1408,41.9,12,15,1.08,0.21,0,1,0,1,0,16,False,True,0,0,0,0,200,3.4,1350,1094,No comms for 90s +,No comms for 90s +,Not available because of DECO,30.02,0,0,0
1410,41.6,12,15,1.07,0.21,0,1,0,1,0,16,False,True,0,0,0,0,199,3.39,1350,1094,No comms for 90s +,No comms for 90s +,Not available because of DECO,30.02,0,0,0
1412,41.4,12,15,1.07,0.21,0,1,0,1,0,16,False,True,0,0,0,0,199,3.4,1350,1094,No comms for 90s +,No comms for 90s +,Not available because of DECO,30.02,0,0,0
1414,41.3,12,15,1.07,0.21,0,1,0,1,0,16,False,True,0,0,0,0,199,3.4,1350,1064,No comms for 90s +,No comms for 90s +,Not available because of DECO,30.02,0,0,0
1416,41.1,12,15,1.07,0.21,0,1,0,1,0,16,False,True,0,0,0,0,200,3.41,1350,1064,No comms for 90s +,No comms for 90s +,Not available because of DECO,30.02,0,0,0
1418,40.9,12,15,1.06,0.21,0,1,0,1,0,16,False,True,0,0,0,0,199,3.41,1350,1064,No comms for 90s +,No comms for 90s +,Not available because of DECO,30.49,0,0,0
1420,40.8,12,15,1.06,0.21,0,1,0,1,0,16,False,True,0,0,0,0,199,3.4,1350,1072,No comms for 90s +,No comms for 90s +,Not available because of DECO,30.49,0,0,0
1422,40.4,12,15,1.05,0.21,0,1,0,1,0,16,False,True,0,0,0,0,199,3.4,1350,1072,No comms for 90s +,No comms for 90s +,Not available because of DECO,30.49,0,0,0
1424,40.4,12,15,1.05,0.21,0,1,0,1,0,16,False,True,0,0,0,0,199,3.4,1352,1064,No comms for 90s +,No comms for 90s +,Not available because of DECO,28.29,0,0,0
1426,40.3,12,15,1.05,0.21,0,1,0,1,0,16,False,True,0,0,0,0,199,3.4,1352,1064,No comms for 90s +,No comms for 90s +,Not available because of DECO,28.29,0,0,0
1428,39.8,12,15,1.04,0.21,0,1,0,1,0,16,False,True,0,0,0,0,200,3.41,1352,1064,No comms for 90s +,No comms for 90s +,Not available because of DECO,27.79,0,0,0
1430,39.6,12,15,1.03,0.21,0,1,0,1,0,16,False,True,0,0,0,0,199,3.41,1350,1038,No comms for 90s +,No comms for 90s +,Not available because of DECO,27.79,0,0,0
1432,39.4,12,15,1.03,0.21,0,1,0,1,0,16,False,True,0,0,0,0,199,3.4,1350,1038,No comms for 90s +,No comms for 90s +,Not available because of DECO,27.79,0,0,0
1434,39.1,12,15,1.02,0.21,0,1,0,1,0,16,False,True,0,0,0,0,199,3.4,1350,1034,No comms for 90s +,No comms for 90s +,Not available because of DECO,29.21,0,0,0
1436,39,12,15,1.02,0.21,0,1,0,1,0,16,False,True,0,0,0,0,199,3.4,1350,1034,No comms for 90s +,No comms for 90s +,Not available because of DECO,29.21,0,0,0
1438,39,12,15,1.02,0.21,0,1,0,1,0,16,False,True,0,0,0,0,200,3.4,1350,1034,No comms for 90s +,No comms for 90s +,Not available because of DECO,27.01,0,0,0
1440,39,12,15,1.02,0.21,0,1,0,1,0,16,False,True,0,0,0,0,199,3.4,1352,1042,No comms for 90s +,No comms for 90s +,Not available because of DECO,27.01,0,0,0
1442,38.5,12,15,1.01,0.21,0,1,0,1,0,16,False,True,0,0,0,0,199,3.4,1352,1042,No comms for 90s +,No comms for 90s +,Not available because of DECO,27.01,0,0,0
1444,38.3,12,15,1.01,0.21,0,1,0,1,0,16,False,True,0,0,0,0,199,3.4,1352,1022,No comms for 90s +,No comms for 90s +,Not available because of DECO,25.76,0,0,0
1446,38.2,12,15,1,0.21,0,1,0,1,0,16,False,True,0,0,0,0,199,3.39,1350,1022,No comms for 90s +,No comms for 90s +,Not available because of DECO,25.76,0,0,0
1448,37.8,12,15,1,0.21,0,1,0,1,0,16,False,True,0,0,0,0,199,3.4,1350,1022,No comms for 90s +,No comms for 90s +,Not available because of DECO,25.76,0,0,0
1450,37.7,12,15,0.9899999,0.21,0,1,0,1,0,16,False,True,0,0,0,0,199,3.4,1350,1014,No comms for 90s +,No comms for 90s +,Not available because of DECO,26.64,0,0,0
1452,37.6,12,15,0.9899999,0.21,0,1,0,1,0,16,False,True,0,0,0,0,199,3.41,1352,1014,No comms for 90s +,No comms for 90s +,Not available because of DECO,26.64,0,0,0
1454,37.4,12,15,0.9899999,0.21,0,1,0,1,0,16,False,True,0,0,0,0,199,3.41,1352,1014,No comms for 90s +,No comms for 90s +,Not available because of DECO,24.82,0,0,0
1456,37.3,12,15,0.9899999,0.21,0,1,0,1,0,16,False,True,0,0,0,0,199,3.4,1352,1006,No comms for 90s +,No comms for 90s +,Not available because of DECO,24.82,0,0,0
1458,37.4,12,15,0.9899999,0.21,0,1,0,1,0,16,False,True,0,0,0,0,199,3.4,1352,1006,No comms for 90s +,No comms for 90s +,Not available because of DECO,24.82,0,0,0
1460,36.9,12,15,0.98,0.21,0,1,0,1,0,16,False,True,0,0,0,0,199,3.39,1352,998,No comms for 90s +,No comms for 90s +,Not available because of DECO,23.95,0,0,0
1462,36.7,15,14,0.97,0.21,0,1,0,1,0,16,False,True,0,0,0,0,199,3.4,1350,998,No comms for 90s +,No comms for 90s +,Not available because of DECO,23.95,0,0,0
1464,36.5,15,14,0.97,0.21,0,1,0,1,0,16,False,True,0,0,0,0,199,3.41,1350,998,No comms for 90s +,No comms for 90s +,Not available because of DECO,25.25,0,0,0
1466,36.2,15,14,0.97,0.21,0,1,0,1,0,16,False,True,0,0,0,0,199,3.41,1350,990,No comms for 90s +,No comms for 90s +,Not available because of DECO,25.25,0,0,0
1468,35.9,15,14,0.96,0.21,0,1,0,1,0,16,False,True,0,0,0,0,200,3.41,1350,990,No comms for 90s +,No comms for 90s +,Not available because of DECO,25.25,0,0,0
1470,35.7,15,14,0.96,0.21,0,1,0,1,0,16,False,True,0,0,0,0,199,3.4,1350,968,No comms for 90s +,No comms for 90s +,Not available because of DECO,24.22,0,0,0
1472,35.5,15,14,0.95,0.21,0,1,0,1,0,16,False,True,0,0,0,0,199,3.4,1352,968,No comms for 90s +,No comms for 90s +,Not available because of DECO,24.22,0,0,0
1474,35.4,15,14,0.95,0.21,0,1,0,1,0,16,False,True,0,0,0,0,199,3.4,1352,968,No comms for 90s +,No comms for 90s +,Not available because of DECO,26.17,0,0,0
1476,35.2,15,14,0.94,0.21,0,1,0,1,0,16,False,True,0,0,0,0,199,3.41,1352,960,No comms for 90s +,No comms for 90s +,Not available because of DECO,26.17,0,0,0
1478,35.1,15,15,0.94,0.21,0,1,0,1,0,16,False,True,0,0,0,0,200,3.41,1352,960,No comms for 90s +,No comms for 90s +,Not available because of DECO,26.17,0,0,0
1480,34.7,15,15,0.94,0.21,0,1,0,1,0,16,False,True,0,0,0,0,199,3.4,1352,950,No comms for 90s +,No comms for 90s +,Not available because of DECO,25.15,0,0,0
1482,34.2,15,15,0.93,0.21,0,1,0,1,0,16,False,True,0,0,0,0,199,3.39,1352,950,No comms for 90s +,No comms for 90s +,Not available because of DECO,25.15,0,0,0
1484,34,15,15,0.92,0.21,0,1,0,1,0,16,False,True,0,0,0,0,199,3.39,1352,950,No comms for 90s +,No comms for 90s +,Not available because of DECO,25.34,0,0,0
1486,34.1,15,15,0.92,0.21,0,1,0,1,0,16,False,True,0,0,0,0,199,3.39,1352,948,No comms for 90s +,No comms for 90s +,Not available because of DECO,25.34,0,0,0
1488,33.7,15,15,0.92,0.21,0,1,0,1,0,16,False,True,0,0,0,0,200,3.39,1352,948,No comms for 90s +,No comms for 90s +,Not available because of DECO,25.34,0,0,0
1490,33.4,15,15,0.91,0.21,0,1,0,1,0,16,False,True,0,0,0,0,199,3.4,1352,942,No comms for 90s +,No comms for 90s +,Not available because of DECO,23.32,0,0,0
1492,33.3,15,15,0.9,0.21,0,1,0,1,0,16,False,True,0,0,0,0,199,3.4,1352,942,No comms for 90s +,No comms for 90s +,Not available because of DECO,23.32,0,0,0
1494,32.9,15,15,0.9,0.21,0,1,0,1,0,16,False,True,0,0,0,0,199,3.4,1352,942,No comms for 90s +,No comms for 90s +,Not available because of DECO,23.52,0,0,0
1496,32.6,12,15,0.89,0.21,0,1,0,1,0,16,False,True,0,0,0,0,199,3.39,1352,912,No comms for 90s +,No comms for 90s +,Not available because of DECO,23.52,0,0,0
1498,32.5,12,15,0.89,0.21,0,1,0,1,0,16,False,True,0,0,0,0,199,3.4,1352,912,No comms for 90s +,No comms for 90s +,Not available because of DECO,23.52,0,0,0
1500,32.3,12,15,0.88,0.21,0,1,0,1,0,16,False,True,0,0,0,0,199,3.4,1352,924,No comms for 90s +,No comms for 90s +,Not available because of DECO,25.6,0,0,0
1502,32,12,15,0.88,0.21,0,1,0,1,0,16,False,True,0,0,0,0,199,3.4,1352,924,No comms for 90s +,No comms for 90s +,Not available because of DECO,25.6,0,0,0
1504,31.6,12,15,0.87,0.21,0,1,0,1,0,16,False,True,0,0,0,0,199,3.4,1352,924,No comms for 90s +,No comms for 90s +,Not available because of DECO,21.26,0,0,0
1506,31.4,12,15,0.87,0.21,0,1,0,1,0,16,False,True,0,0,0,0,199,3.4,1352,918,No comms for 90s +,No comms for 90s +,Not available because of DECO,21.26,0,0,0
1508,31.1,12,15,0.86,0.21,0,1,0,1,0,16,False,True,0,0,0,0,200,3.4,1352,918,No comms for 90s +,No comms for 90s +,Not available because of DECO,21.26,0,0,0
1510,31,12,15,0.86,0.21,0,1,0,1,0,16,False,True,0,0,0,0,199,3.4,1352,906,No comms for 90s +,No comms for 90s +,Not available because of DECO,23.38,0,0,0
1512,30.7,12,15,0.85,0.21,0,1,0,1,0,16,False,True,0,0,0,0,199,3.41,1352,906,No comms for 90s +,No comms for 90s +,Not available because of DECO,23.38,0,0,0
1514,30.3,12,15,0.84,0.21,0,1,0,1,0,16,False,True,0,0,0,0,199,3.41,1352,906,No comms for 90s +,No comms for 90s +,Not available because of DECO,20.87,0,0,0
1516,30,12,15,0.84,0.21,0,1,0,1,0,16,False,True,0,0,0,0,199,3.4,1352,902,No comms for 90s +,No comms for 90s +,Not available because of DECO,20.87,0,0,0
1518,29.8,12,15,0.83,0.21,0,1,0,1,0,16,False,True,0,0,0,0,200,3.39,1352,902,No comms for 90s +,No comms for 90s +,Not available because of DECO,20.87,0,0,0
1520,29.7,12,15,0.83,0.21,0,1,0,1,0,16,False,True,0,0,0,0,199,3.39,1352,904,No comms for 90s +,No comms for 90s +,Not available because of DECO,22.84,0,0,0
1522,29.5,12,15,0.83,0.21,0,1,0,1,0,16,False,True,0,0,0,0,199,3.4,1352,904,No comms for 90s +,No comms for 90s +,Not available because of DECO,22.84,0,0,0
1524,29.2,12,15,0.82,0.21,0,1,0,1,0,16,False,True,0,0,0,0,199,3.41,1352,904,No comms for 90s +,No comms for 90s +,Not available because of DECO,21.8,0,0,0
1526,29,12,15,0.82,0.21,0,1,0,1,0,16,False,True,0,0,0,0,199,3.41,1352,896,No comms for 90s +,No comms for 90s +,Not available because of DECO,21.8,0,0,0
1528,28.8,12,15,0.81,0.21,0,1,0,1,0,16,False,True,0,0,0,0,199,3.4,1352,896,No comms for 90s +,No comms for 90s +,Not available because of DECO,21.8,0,0,0
1530,28.6,12,15,0.81,0.21,0,1,0,1,0,16,False,True,0,0,0,0,199,3.4,1352,886,No comms for 90s +,No comms for 90s +,Not available because of DECO,21.84,0,0,0
1532,28.4,12,15,0.8,0.21,0,1,0,1,0,16,False,True,0,0,0,0,199,3.39,1352,886,No comms for 90s +,No comms for 90s +,Not available because of DECO,21.84,0,0,0
1534,28.1,12,15,0.8,0.21,0,1,0,1,0,16,False,True,0,0,0,0,199,3.4,1352,886,No comms for 90s +,No comms for 90s +,Not available because of DECO,21.54,0,0,0
1536,28,12,15,0.79,0.21,0,1,0,1,0,16,False,True,0,0,0,0,199,3.4,1352,880,No comms for 90s +,No comms for 90s +,Not available because of DECO,21.54,0,0,0
1538,28.1,12,15,0.8,0.21,0,1,0,1,0,16,False,True,0,0,0,0,199,3.4,1352,880,No comms for 90s +,No comms for 90s +,Not available because of DECO,21.54,0,0,0
1540,27.8,12,15,0.79,0.21,0,1,0,1,0,16,False,True,0,0,0,0,199,3.4,1352,868,No comms for 90s +,No comms for 90s +,Not available because of DECO,20.78,0,0,0
1542,27.5,12,15,0.78,0.21,0,1,0,1,0,16,False,True,0,0,0,0,199,3.39,1354,868,No comms for 90s +,No comms for 90s +,Not available because of DECO,20.78,0,0,0
1544,27.2,12,14,0.78,0.21,0,1,0,1,0,16,False,True,0,0,0,0,199,3.39,1354,868,No comms for 90s +,No comms for 90s +,Not available because of DECO,23.32,0,0,0
1546,26.8,12,14,0.77,0.21,0,1,0,1,0,16,False,True,0,0,0,0,199,3.4,1354,862,No comms for 90s +,No comms for 90s +,Not available because of DECO,23.32,0,0,0
1548,26.5,12,14,0.76,0.21,0,1,0,1,0,16,False,True,0,0,0,0,199,3.4,1354,862,No comms for 90s +,No comms for 90s +,Not available because of DECO,23.32,0,0,0
1550,26.3,12,14,0.76,0.21,0,1,0,1,0,16,False,True,0,0,0,0,199,3.4,1354,844,No comms for 90s +,No comms for 90s +,Not available because of DECO,23.39,0,0,0
1552,26,12,14,0.75,0.21,0,1,0,1,0,16,False,True,0,0,0,0,199,3.4,1354,844,No comms for 90s +,No comms for 90s +,Not available because of DECO,23.39,0,0,0
1554,25.7,12,14,0.75,0.21,0,1,0,1,0,16,False,True,0,0,0,0,199,3.39,1354,844,No comms for 90s +,No comms for 90s +,Not available because of DECO,22.75,0,0,0
1556,25.5,12,14,0.74,0.21,0,1,0,1,0,16,False,True,0,0,0,0,200,3.39,1354,840,No comms for 90s +,No comms for 90s +,Not available because of DECO,22.75,0,0,0
1558,25,12,14,0.73,0.21,0,1,0,1,0,16,False,True,0,0,0,0,199,3.39,1354,840,No comms for 90s +,No comms for 90s +,Not available because of DECO,22.75,0,0,0
1560,24.8,12,14,0.73,0.21,0,1,0,1,0,16,False,True,0,0,0,0,199,3.4,1354,840,No comms for 90s +,No comms for 90s +,Not available because of DECO,23.06,0,0,0
1562,24.5,12,14,0.72,0.21,0,1,0,1,0,16,False,True,0,0,0,0,199,3.4,1354,840,No comms for 90s +,No comms for 90s +,Not available because of DECO,23.06,0,0,0
1564,23.9,12,14,0.71,0.21,0,1,0,1,0,16,False,True,0,0,0,0,199,3.4,1354,840,No comms for 90s +,No comms for 90s +,Not available because of DECO,24.35,0,0,0
1566,23.7,12,14,0.71,0.21,0,1,0,1,0,16,False,True,0,0,0,0,199,3.39,1354,836,No comms for 90s +,No comms for 90s +,Not available because of DECO,24.35,0,0,0
1568,23.4,12,14,0.7,0.21,0,1,0,1,0,16,False,True,0,0,0,0,199,3.39,1354,836,No comms for 90s +,No comms for 90s +,Not available because of DECO,24.35,0,0,0
1570,23.1,12,14,0.69,0.21,0,1,0,1,0,16,False,True,0,0,0,0,199,3.39,1354,832,No comms for 90s +,No comms for 90s +,Not available because of DECO,22.75,0,0,0
1572,22.7,12,14,0.69,0.21,0,1,0,1,0,16,False,True,0,0,0,0,199,3.4,1354,832,No comms for 90s +,No comms for 90s +,Not available because of DECO,22.75,0,0,0
1574,22.4,12,14,0.68,0.21,0,1,0,1,0,16,False,True,0,0,0,0,199,3.4,1354,832,No comms for 90s +,No comms for 90s +,Not available because of DECO,22.59,0,0,0
1576,22,12,14,0.67,0.21,0,1,0,1,0,16,False,True,0,0,0,0,199,3.4,1354,826,No comms for 90s +,No comms for 90s +,Not available because of DECO,22.59,0,0,0
1578,21.5,12,14,0.66,0.21,0,1,0,1,0,16,False,True,0,0,0,0,199,3.39,1354,826,No comms for 90s +,No comms for 90s +,Not available because of DECO,22.59,0,0,0
1580,21.3,12,14,0.65,0.21,0,1,0,1,0,16,False,True,0,0,0,0,199,3.38,1354,826,No comms for 90s +,No comms for 90s +,Not available because of DECO,22.7,0,0,0
1582,21.3,12,14,0.65,0.21,0,1,0,1,0,16,False,True,0,0,0,0,199,3.38,1354,826,No comms for 90s +,No comms for 90s +,Not available because of DECO,22.7,0,0,0
1584,21.4,12,14,0.66,0.21,0,1,0,1,0,16,False,True,0,0,0,0,199,3.39,1354,826,No comms for 90s +,No comms for 90s +,Not available because of DECO,22.04,0,0,0
1586,20.9,12,14,0.65,0.21,0,1,0,1,0,16,False,True,0,0,0,0,199,3.39,1354,820,No comms for 90s +,No comms for 90s +,Not available because of DECO,22.04,0,0,0
1588,20.5,12,14,0.64,0.21,0,1,0,1,0,16,False,True,0,0,0,0,199,3.39,1354,820,No comms for 90s +,No comms for 90s +,Not available because of DECO,22.04,0,0,0
1590,20.4,12,14,0.64,0.21,0,1,0,1,0,16,False,True,0,0,0,0,199,3.39,1354,820,No comms for 90s +,No comms for 90s +,Not available because of DECO,22.15,0,0,0
1592,20.1,12,14,0.63,0.21,0,1,0,1,0,16,False,True,0,0,0,0,199,3.38,1354,816,No comms for 90s +,No comms for 90s +,Not available because of DECO,22.15,0,0,0
1594,19.6,12,14,0.62,0.21,0,1,0,1,0,16,False,True,0,0,0,0,199,3.38,1354,816,No comms for 90s +,No comms for 90s +,Not available because of DECO,20.14,0,0,0
1596,19.4,12,14,0.62,0.21,0,1,0,1,0,16,False,True,0,0,0,0,200,3.38,1354,812,No comms for 90s +,No comms for 90s +,Not available because of DECO,20.14,0,0,0
1598,19.6,12,14,0.62,0.21,0,1,0,1,0,16,False,True,0,0,0,0,199,3.38,1356,812,No comms for 90s +,No comms for 90s +,Not available because of DECO,20.14,0,0,0
1600,19.6,12,13,0.62,0.21,0,1,0,1,0,16,False,True,0,0,0,0,199,3.38,1356,810,No comms for 90s +,No comms for 90s +,Not available because of DECO,19.94,0,0,0
1602,19.5,12,13,0.62,0.21,0,1,0,1,0,16,False,True,0,0,0,0,199,3.38,1354,810,No comms for 90s +,No comms for 90s +,Not available because of DECO,19.94,0,0,0
1604,19.7,12,13,0.62,0.21,0,1,0,1,0,16,False,True,0,0,0,0,199,3.39,1354,810,No comms for 90s +,No comms for 90s +,Not available because of DECO,19.18,0,0,0
1606,19.6,12,13,0.62,0.21,0,1,0,1,0,16,False,True,0,0,0,0,199,3.39,1354,804,No comms for 90s +,No comms for 90s +,Not available because of DECO,19.18,0,0,0
1608,19.4,12,13,0.62,0.21,0,1,0,1,0,16,False,True,0,0,0,0,199,3.4,1356,804,No comms for 90s +,No comms for 90s +,Not available because of DECO,19.18,0,0,0
1610,19.1,12,13,0.61,0.21,0,1,0,1,0,16,False,True,0,0,0,0,199,3.4,1356,796,No comms for 90s +,No comms for 90s +,Not available because of DECO,20.04,0,0,0
1612,18.8,12,13,0.6,0.21,0,1,0,1,0,16,True,True,0,0,0,0,199,3.39,1356,796,No comms for 90s +,No comms for 90s +,Not available because of DECO,20.04,0,0,0
1614,18.7,12,13,0.6,0.21,0,1,0,1,0,16,True,True,0,0,0,0,199,3.39,1356,796,No comms for 90s +,No comms for 90s +,Not available because of DECO,20.66,0,0,0
1616,18.6,12,13,0.6,0.21,0,1,0,1,0,16,True,True,0,0,0,0,200,3.39,1356,792,No comms for 90s +,No comms for 90s +,Not available because of DECO,20.66,0,0,0
1618,18.6,12,13,0.6,0.21,0,1,0,1,0,16,True,True,0,0,0,0,199,3.39,1354,792,No comms for 90s +,No comms for 90s +,Not available because of DECO,20.66,0,0,0
1620,18.4,12,13,0.6,0.21,0,1,0,1,0,16,True,True,0,0,0,0,199,3.4,1354,778,No comms for 90s +,No comms for 90s +,Not available because of DECO,17.26,0,0,0
1622,18.3,12,13,0.59,0.21,0,1,0,1,0,16,True,True,0,0,0,0,199,3.4,1356,778,No comms for 90s +,No comms for 90s +,Not available because of DECO,17.26,0,0,0
1624,18.1,12,13,0.59,0.21,0,1,0,1,0,16,True,True,0,0,0,0,200,3.39,1356,778,No comms for 90s +,No comms for 90s +,Not available because of DECO,21.35,0,0,0
1626,18.2,12,13,0.59,0.21,0,1,0,1,0,16,True,True,0,0,0,0,200,3.39,1356,782,No comms for 90s +,No comms for 90s +,Not available because of DECO,21.35,0,0,0
1628,18.2,12,13,0.59,0.21,0,1,0,1,0,16,True,True,0,0,0,0,199,3.39,1356,782,No comms for 90s +,No comms for 90s +,Not available because of DECO,21.35,0,0,0
1630,18.3,12,13,0.59,0.21,0,1,0,1,0,16,True,True,0,0,0,0,199,3.39,1356,782,No comms for 90s +,No comms for 90s +,Not available because of DECO,20.21,0,0,0
1632,18.3,12,13,0.59,0.21,0,1,0,1,0,16,True,True,0,0,0,0,199,3.39,1356,782,No comms for 90s +,No comms for 90s +,Not available because of DECO,20.21,0,0,0
1634,18.3,12,13,0.59,0.21,0,1,0,1,0,16,True,True,0,0,0,0,199,3.39,1356,782,No comms for 90s +,No comms for 90s +,Not available because of DECO,20.21,0,0,0
1636,18.4,12,13,0.59,0.21,0,1,0,1,0,16,True,True,0,0,0,0,199,3.38,1356,770,No comms for 90s +,No comms for 90s +,Not available because of DECO,20.21,0,0,0
1638,18.5,12,13,0.6,0.21,0,1,0,1,0,16,True,True,0,0,0,0,199,3.38,1356,770,No comms for 90s +,No comms for 90s +,Not available because of DECO,20.21,0,0,0
1640,18.6,12,13,0.6,0.21,0,1,0,1,0,16,True,True,0,0,0,0,199,3.38,1356,760,2978,No comms for 90s +,Not available because of DECO,20.2,0,0,0
1642,18.5,12,13,0.6,0.21,0,1,0,1,0,16,True,True,0,0,0,0,199,3.39,1356,760,2978,No comms for 90s +,Not available because of DECO,20.2,0,0,0
1644,18.6,12,14,0.6,0.21,0,1,0,1,0,16,True,True,0,0,0,0,199,3.4,1356,760,2978,No comms for 90s +,Not available because of DECO,22.34,0,0,0
1646,18.3,12,14,0.59,0.21,0,1,0,1,0,16,True,True,0,0,0,0,199,3.4,1356,762,2952,No comms for 90s +,Not available because of DECO,22.34,0,0,0
1648,18.3,12,14,0.59,0.21,0,1,0,1,0,16,True,True,0,0,0,0,199,3.39,1356,762,2952,No comms for 90s +,Not available because of DECO,22.34,0,0,0
1650,18.4,12,14,0.59,0.21,0,1,0,1,0,16,True,True,0,0,0,0,199,3.39,1356,762,2930,No comms for 90s +,Not available because of DECO,21.07,0,0,0
1652,18.6,12,14,1.59,0.56,0,1,0,1,0,16,False,True,0,0,0,0,199,3.39,1356,764,2930,No comms for 90s +,Not available because of DECO,21.07,0,0,0
1654,18.3,12,14,1.58,0.56,0,1,0,1,0,16,False,True,0,0,0,0,199,3.39,1358,764,2930,No comms for 90s +,Not available because of DECO,19.44,0,0,0
1656,18.5,12,14,1.6,0.56,0,1,0,1,0,16,False,True,0,0,0,0,200,3.4,1358,766,2906,No comms for 90s +,Not available because of DECO,19.44,0,0,0
1658,18.4,12,14,1.59,0.56,0,1,0,1,0,16,False,True,0,0,0,0,199,3.4,1358,766,2906,No comms for 90s +,Not available because of DECO,19.44,0,0,0
1660,18.3,12,14,1.58,0.56,0,1,0,1,0,16,False,True,0,0,0,0,199,3.39,1358,768,2896,No comms for 90s +,Not available because of DECO,18.39,0,0,0
1662,18.1,12,14,1.57,0.56,0,1,0,1,0,16,False,True,0,0,0,0,199,3.39,1358,768,2896,No comms for 90s +,Not available because of DECO,18.39,0,0,0
1664,18.3,12,13,1.58,0.56,0,1,0,1,0,16,False,True,0,0,0,0,200,3.39,1356,768,2896,No comms for 90s +,Not available because of DECO,16.34,0,0,0
1666,18.3,12,13,1.58,0.56,0,1,0,1,0,16,False,True,0,0,0,0,199,3.4,1356,770,2886,No comms for 90s +,Not available because of DECO,16.34,0,0,0
1668,18.5,12,13,1.59,0.56,0,1,0,1,0,16,False,True,0,0,0,0,199,3.4,1356,770,2886,No comms for 90s +,Not available because of DECO,16.34,0,0,0
1670,18.4,12,13,1.59,0.56,0,1,0,1,0,16,False,True,0,0,0,0,199,3.4,1356,770,2850,No comms for 90s +,Not available because of DECO,15.2,0,0,0
1672,18.4,12,13,1.58,0.56,0,1,0,1,0,16,False,True,0,0,0,0,199,3.4,1356,770,2850,No comms for 90s +,Not available because of DECO,15.2,0,0,0
1674,18.1,12,13,1.58,0.56,0,1,0,1,0,16,False,True,0,0,0,0,200,3.39,1358,770,2850,No comms for 90s +,Not available because of DECO,12.36,0,0,0
1676,18.2,12,13,1.57,0.56,0,1,0,1,0,16,False,True,0,0,0,0,199,3.39,1358,774,2834,No comms for 90s +,Not available because of DECO,12.36,0,0,0
1678,18,12,13,1.56,0.56,0,1,0,1,0,16,False,True,0,0,0,0,199,3.39,1358,774,2834,No comms for 90s +,Not available because of DECO,12.36,0,0,0
1680,17.8,12,13,1.56,0.56,0,1,0,1,0,16,False,True,0,0,0,0,199,3.39,1358,774,2834,No comms for 90s +,Not available because of DECO,11.14,0,0,0
1682,17.5,12,13,1.54,0.56,0,1,0,1,0,16,False,True,0,0,0,0,199,3.39,1358,774,2834,No comms for 90s +,Not available because of DECO,11.14,0,0,0
1684,17.4,12,13,1.53,0.56,0,1,0,1,0,17,False,True,0,0,0,0,199,3.39,1358,774,2834,No comms for 90s +,Not available because of DECO,11.25,0,0,0
1686,17.4,12,13,1.53,0.56,0,1,0,1,0,17,False,True,0,0,0,0,200,3.39,1358,774,2802,No comms for 90s +,Not available because of DECO,11.25,0,0,0
1688,17.3,12,13,1.53,0.56,0,1,0,1,0,17,False,True,0,0,0,0,199,3.39,1358,774,2802,No comms for 90s +,Not available because of DECO,11.25,0,0,0
1690,17.2,12,13,1.52,0.56,0,1,0,1,0,17,False,True,0,0,0,0,199,3.39,1358,776,2790,No comms for 90s +,Not available because of DECO,10.67,0,0,0
1692,16.9,12,13,1.5,0.56,0,1,0,1,0,17,False,True,0,0,0,0,199,3.4,1358,776,2790,No comms for 90s +,Not available because of DECO,10.67,0,0,0
1694,16.6,12,13,1.49,0.56,0,1,0,1,0,17,False,True,0,0,0,0,199,3.4,1358,776,2790,No comms for 90s +,Not available because of DECO,9.719999,0,0,0
1696,16.5,12,13,1.48,0.56,0,1,0,1,0,17,False,True,0,0,0,0,199,3.39,1358,776,2770,No comms for 90s +,Not available because of DECO,9.719999,0,0,0
1698,16.5,12,13,1.48,0.56,0,1,0,1,0,17,False,True,0,0,0,0,199,3.39,1358,776,2770,No comms for 90s +,Not available because of DECO,9.719999,0,0,0
1700,16.5,12,13,1.48,0.56,0,1,0,1,0,17,False,True,0,0,0,0,199,3.39,1358,776,2770,No comms for 90s +,Not available because of DECO,8.75,0,0,0
1702,16.5,12,13,1.48,0.56,0,1,0,1,0,17,False,True,0,0,0,0,199,3.38,1358,776,2770,No comms for 90s +,Not available because of DECO,8.75,0,0,0
1704,16.5,12,13,1.48,0.56,0,1,0,1,0,17,False,True,0,0,0,0,200,3.38,1358,776,2770,No comms for 90s +,Not available because of DECO,8.75,0,0,0
1706,16.7,12,13,1.49,0.56,0,1,0,1,0,17,False,True,0,0,0,0,199,3.38,1358,778,2716,No comms for 90s +,Not available because of DECO,8.75,0,0,0
1708,16.6,12,13,1.48,0.56,0,1,0,1,0,17,False,True,0,0,0,0,199,3.38,1358,778,2716,No comms for 90s +,Not available because of DECO,8.75,0,0,0
1710,16.7,12,13,1.49,0.56,0,1,0,1,0,17,False,True,0,0,0,0,199,3.38,1358,778,2716,No comms for 90s +,Not available because of DECO,7.45,0,0,0
1712,16.7,12,13,1.49,0.56,0,1,0,1,0,17,False,True,0,0,0,0,200,3.38,1358,778,2716,No comms for 90s +,Not available because of DECO,7.45,0,0,0
1714,16.8,9,13,1.49,0.56,0,2,0,1,0,17,False,True,0,0,0,0,200,3.38,1358,778,2716,No comms for 90s +,Not available because of DECO,7.45,0,0,0
1716,16.7,9,13,1.49,0.56,0,2,0,1,0,17,False,True,0,0,0,0,199,3.38,1358,780,2690,No comms for 90s +,Not available because of DECO,7.45,0,0,0
1718,16.4,9,13,1.48,0.56,0,2,0,1,0,17,False,True,0,0,0,0,199,3.38,1358,780,2690,No comms for 90s +,Not available because of DECO,7.45,0,0,0
1720,16.2,9,13,1.47,0.56,0,2,0,1,0,17,False,True,0,0,0,0,199,3.38,1358,780,2700,No comms for 90s +,Not available because of DECO,5.73,0,0,0
1722,15.9,9,13,1.45,0.56,0,2,0,1,0,17,False,True,0,0,0,0,199,3.38,1358,780,2700,No comms for 90s +,Not available because of DECO,5.73,0,0,0
1724,15.7,9,13,1.43,0.56,0,2,0,1,0,17,False,True,0,0,0,0,199,3.39,1358,780,2700,No comms for 90s +,Not available because of DECO,5.41,0,0,0
1726,15.6,9,13,1.43,0.56,0,2,0,1,0,17,False,True,0,0,0,0,199,3.39,1358,780,2700,No comms for 90s +,Not available because of DECO,5.41,0,0,0
1728,15.4,9,13,1.42,0.56,0,2,0,1,0,17,False,True,0,0,0,0,199,3.39,1358,780,2700,No comms for 90s +,Not available because of DECO,5.41,0,0,0
1730,15.3,9,13,1.41,0.56,0,2,0,1,0,17,False,True,0,0,0,0,199,3.39,1358,780,2700,No comms for 90s +,Not available because of DECO,5.41,0,0,0
1732,15.4,9,13,1.42,0.56,0,2,0,1,0,17,False,True,0,0,0,0,199,3.38,1358,780,2700,No comms for 90s +,Not available because of DECO,5.41,0,0,0
1734,15.3,9,13,1.41,0.56,0,2,0,1,0,17,False,True,0,0,0,0,200,3.38,1358,780,2700,No comms for 90s +,Not available because of DECO,5.41,0,0,0
1736,15.6,9,13,1.43,0.56,0,2,0,1,0,17,False,True,0,0,0,0,199,3.38,1358,780,2700,No comms for 90s +,Not available because of DECO,5.41,0,0,0
1738,15.3,9,13,1.41,0.56,0,2,0,1,0,17,False,True,0,0,0,0,199,3.38,1358,780,2700,No comms for 90s +,Not available because of DECO,5.41,0,0,0
1740,15.1,9,13,1.4,0.56,0,2,0,1,0,17,False,True,0,0,0,0,199,3.38,1358,782,2662,No comms for 90s +,Not available because of DECO,5.41,0,0,0
1742,15.1,9,13,1.4,0.56,0,2,0,1,0,17,False,True,0,0,0,0,199,3.38,1364,782,2662,No comms for 90s +,Not available because of DECO,5.41,0,0,0
1744,15.2,9,13,1.41,0.56,0,2,0,1,0,17,False,True,0,0,0,0,200,3.38,1364,782,2662,No comms for 90s +,Not available because of DECO,UNAVAILABLE_SENSOR_DATA,0,0,0
1746,15.3,9,12,1.41,0.56,0,2,0,1,0,17,False,True,0,0,0,0,199,3.38,1364,782,2640,No comms for 90s +,Not available because of DECO,UNAVAILABLE_SENSOR_DATA,0,0,0
1748,15.3,9,12,1.41,0.56,0,2,0,1,0,17,False,True,0,0,0,0,199,3.38,1360,782,2640,No comms for 90s +,Not available because of DECO,UNAVAILABLE_SENSOR_DATA,0,0,0
1750,15.1,9,12,1.4,0.56,0,2,0,1,0,17,False,True,0,0,0,0,199,3.38,1360,782,2640,No comms for 90s +,Not available because of DECO,UNAVAILABLE_SENSOR_DATA,0,0,0
1752,14.7,9,12,1.38,0.56,0,2,0,1,0,17,False,True,0,0,0,0,199,3.39,1360,782,2640,No comms for 90s +,Not available because of DECO,UNAVAILABLE_SENSOR_DATA,0,0,0
1754,14.4,9,12,1.36,0.56,0,2,0,1,0,17,False,True,0,0,0,0,199,3.39,1360,782,2640,No comms for 90s +,Not available because of DECO,UNAVAILABLE_SENSOR_DATA,0,0,0
1756,14.2,9,12,1.35,0.56,0,2,0,1,0,17,False,True,0,0,0,0,199,3.38,1360,782,2640,No comms for 90s +,Not available because of DECO,UNAVAILABLE_SENSOR_DATA,0,0,0
1758,13.6,9,12,1.32,0.56,0,2,0,1,0,17,False,True,0,0,0,0,199,3.38,1360,782,2640,No comms for 90s +,Not available because of DECO,UNAVAILABLE_SENSOR_DATA,0,0,0
1760,13.6,9,12,1.32,0.56,0,2,0,1,0,17,False,True,0,0,0,0,199,3.38,1360,782,2640,No comms for 90s +,Not available because of DECO,UNAVAILABLE_SENSOR_DATA,0,0,0
1762,13.1,9,12,1.29,0.56,0,2,0,1,0,17,False,True,0,0,0,0,199,3.38,1360,782,2640,No comms for 90s +,Not available because of DECO,UNAVAILABLE_SENSOR_DATA,0,0,0
1764,12.6,9,12,1.27,0.56,0,2,0,1,0,17,False,True,0,0,0,0,200,3.38,1360,782,2640,No comms for 90s +,Not available because of DECO,UNAVAILABLE_SENSOR_DATA,0,0,0
1766,12.5,9,12,1.26,0.56,0,2,0,1,0,17,False,True,0,0,0,0,199,3.38,1360,784,2616,No comms for 90s +,Not available because of DECO,UNAVAILABLE_SENSOR_DATA,0,0,0
1768,12.1,9,12,1.24,0.56,0,2,0,1,0,17,False,True,0,0,0,0,199,3.38,1360,784,2616,No comms for 90s +,Not available because of DECO,UNAVAILABLE_SENSOR_DATA,0,0,0
1770,11.8,9,12,1.22,0.56,0,2,0,1,0,17,False,True,0,0,0,0,199,3.38,1360,784,2612,No comms for 90s +,Not available because of DECO,UNAVAILABLE_SENSOR_DATA,0,0,0
1772,11.6,9,12,1.21,0.56,0,2,0,1,0,17,False,True,0,0,0,0,199,3.38,1360,784,2612,No comms for 90s +,Not available because of DECO,UNAVAILABLE_SENSOR_DATA,0,0,0
1774,11.5,9,12,1.21,0.56,0,2,0,1,0,17,False,True,0,0,0,0,199,3.38,1360,784,2612,No comms for 90s +,Not available because of DECO,UNAVAILABLE_SENSOR_DATA,0,0,0
1776,11.3,9,12,1.19,0.56,0,2,0,1,0,17,False,True,0,0,0,0,199,3.38,1360,784,2604,No comms for 90s +,Not available because of DECO,UNAVAILABLE_SENSOR_DATA,0,0,0
1778,11.5,9,12,1.2,0.56,0,2,0,1,0,17,False,True,0,0,0,0,199,3.38,1360,784,2604,No comms for 90s +,Not available because of DECO,UNAVAILABLE_SENSOR_DATA,0,0,0
1780,11,9,12,1.18,0.56,0,2,0,1,0,17,False,True,0,0,0,0,199,3.38,1360,784,2604,No comms for 90s +,Not available because of DECO,UNAVAILABLE_SENSOR_DATA,0,0,0
1782,11.2,9,12,1.19,0.56,0,2,0,1,0,17,False,True,0,0,0,0,200,3.37,1360,784,2604,No comms for 90s +,Not available because of DECO,UNAVAILABLE_SENSOR_DATA,0,0,0
1784,11.3,9,12,1.19,0.56,0,2,0,1,0,17,False,True,0,0,0,0,199,3.37,1360,784,2604,No comms for 90s +,Not available because of DECO,UNAVAILABLE_SENSOR_DATA,0,0,0
1786,11.5,9,12,1.2,0.56,0,2,0,1,0,17,False,True,0,0,0,0,199,3.38,1360,784,2572,No comms for 90s +,Not available because of DECO,UNAVAILABLE_SENSOR_DATA,0,0,0
1788,11.5,9,12,1.2,0.56,0,2,0,1,0,17,False,True,0,0,0,0,199,3.38,1360,784,2572,No comms for 90s +,Not available because of DECO,UNAVAILABLE_SENSOR_DATA,0,0,0
1790,11.8,9,12,1.22,0.56,0,2,0,1,0,17,False,True,0,0,0,0,199,3.38,1360,786,2564,No comms for 90s +,Not available because of DECO,UNAVAILABLE_SENSOR_DATA,0,0,0
1792,11.6,9,12,1.21,0.56,0,2,0,1,0,17,False,True,0,0,0,0,200,3.38,1360,786,2564,No comms for 90s +,Not available because of DECO,UNAVAILABLE_SENSOR_DATA,0,0,0
1794,12,9,12,1.23,0.56,0,2,0,1,0,17,False,True,0,0,0,0,200,3.38,1360,786,2564,No comms for 90s +,Not available because of DECO,UNAVAILABLE_SENSOR_DATA,0,0,0
1796,12,9,12,1.23,0.56,0,2,0,1,0,17,False,True,0,0,0,0,199,3.37,1360,786,2552,No comms for 90s +,Not available because of DECO,UNAVAILABLE_SENSOR_DATA,0,0,0
1798,12.3,9,12,1.25,0.56,0,2,0,1,0,17,False,True,0,0,0,0,199,3.37,1360,786,2552,No comms for 90s +,Not available because of DECO,UNAVAILABLE_SENSOR_DATA,0,0,0
1800,12.6,9,11,1.26,0.56,0,2,0,1,0,17,False,True,0,0,0,0,199,3.37,1360,786,2538,No comms for 90s +,Not available because of DECO,UNAVAILABLE_SENSOR_DATA,0,0,0
1802,13,9,11,1.28,0.56,0,2,0,1,0,17,False,True,0,0,0,0,199,3.37,1360,786,2538,No comms for 90s +,Not available because of DECO,UNAVAILABLE_SENSOR_DATA,0,0,0
1804,13.4,9,11,1.31,0.56,0,2,0,1,0,17,False,True,0,0,0,0,199,3.37,1360,786,2538,No comms for 90s +,Not available because of DECO,UNAVAILABLE_SENSOR_DATA,0,0,0
1806,13.8,9,11,1.33,0.56,0,2,0,1,0,17,False,True,0,0,0,0,199,3.37,1360,786,2538,No comms for 90s +,Not available because of DECO,UNAVAILABLE_SENSOR_DATA,0,0,0
1808,14.1,9,11,1.35,0.56,0,2,0,1,0,17,False,True,0,0,0,0,199,3.37,1360,786,2538,No comms for 90s +,Not available because of DECO,UNAVAILABLE_SENSOR_DATA,0,0,0
1810,14,9,11,1.34,0.56,0,2,0,1,0,17,False,True,0,0,0,0,199,3.37,1360,786,2538,No comms for 90s +,Not available because of DECO,UNAVAILABLE_SENSOR_DATA,0,0,0
1812,14,9,11,1.34,0.56,0,1,0,1,0,17,False,True,0,0,0,0,200,3.37,1360,786,2538,No comms for 90s +,Not available because of DECO,UNAVAILABLE_SENSOR_DATA,0,0,0
1814,14.4,9,11,1.36,0.56,0,1,0,1,0,17,False,True,0,0,0,0,199,3.38,1360,786,2538,No comms for 90s +,Not available because of DECO,UNAVAILABLE_SENSOR_DATA,0,0,0
1816,14.7,9,11,1.38,0.56,0,1,0,1,0,17,False,True,0,0,0,0,199,3.38,1360,786,2538,No comms for 90s +,Not available because of DECO,UNAVAILABLE_SENSOR_DATA,0,0,0
1818,14.8,9,11,1.38,0.56,0,1,0,1,0,17,False,True,0,0,0,0,199,3.38,1360,786,2538,No comms for 90s +,Not available because of DECO,UNAVAILABLE_SENSOR_DATA,0,0,0
1820,15,9,11,1.4,0.56,0,1,0,1,0,17,False,True,0,0,0,0,199,3.38,1360,786,2464,No comms for 90s +,Not available because of DECO,UNAVAILABLE_SENSOR_DATA,0,0,0
1822,15.5,9,11,1.42,0.56,0,1,0,1,0,17,False,True,0,0,0,0,200,3.39,1360,786,2464,No comms for 90s +,Not available because of DECO,UNAVAILABLE_SENSOR_DATA,0,0,0
1824,15.7,9,11,1.43,0.56,0,1,0,1,0,17,False,True,0,0,0,0,199,3.39,1360,786,2464,No comms for 90s +,Not available because of DECO,UNAVAILABLE_SENSOR_DATA,0,0,0
1826,16.1,9,11,1.46,0.56,0,1,0,1,0,17,False,True,0,0,0,0,199,3.39,1360,786,2448,No comms for 90s +,Not available because of DECO,UNAVAILABLE_SENSOR_DATA,0,0,0
1828,16.6,9,11,1.48,0.56,0,1,0,1,0,17,False,True,0,0,0,0,199,3.38,1360,786,2448,No comms for 90s +,Not available because of DECO,UNAVAILABLE_SENSOR_DATA,0,0,0
1830,17,9,11,1.51,0.56,0,1,0,1,0,17,False,True,0,0,0,0,199,3.37,1360,786,2440,No comms for 90s +,Not available because of DECO,UNAVAILABLE_SENSOR_DATA,0,0,0
1832,17.2,9,11,1.52,0.56,0,1,0,1,0,17,False,True,0,0,0,0,199,3.36,1360,786,2440,No comms for 90s +,Not available because of DECO,UNAVAILABLE_SENSOR_DATA,0,0,0
1834,17.5,9,11,1.54,0.56,0,1,0,1,0,17,False,True,0,0,0,0,199,3.37,1360,786,2440,No comms for 90s +,Not available because of DECO,UNAVAILABLE_SENSOR_DATA,0,0,0
1836,17.8,9,11,1.55,0.56,0,1,0,1,0,17,False,True,0,0,0,0,199,3.38,1360,786,2428,No comms for 90s +,Not available because of DECO,UNAVAILABLE_SENSOR_DATA,0,0,0
1838,18,9,11,1.56,0.56,0,1,0,1,0,17,False,True,0,0,0,0,199,3.38,1360,786,2428,No comms for 90s +,Not available because of DECO,UNAVAILABLE_SENSOR_DATA,0,0,0
1840,18.2,9,11,1.57,0.56,0,1,0,1,0,17,False,True,0,0,0,0,199,3.38,1360,786,2406,No comms for 90s +,Not available because of DECO,UNAVAILABLE_SENSOR_DATA,0,0,0
1842,18.2,9,11,1.58,0.56,0,1,0,1,0,17,False,True,0,0,0,0,199,3.38,1360,786,2406,No comms for 90s +,Not available because of DECO,UNAVAILABLE_SENSOR_DATA,0,0,0
1844,18.2,6,11,1.58,0.56,0,3,0,1,0,17,False,True,0,0,0,0,199,3.38,1360,786,2406,No comms for 90s +,Not available because of DECO,UNAVAILABLE_SENSOR_DATA,0,0,0
1846,18.2,6,11,1.57,0.56,0,3,0,1,0,17,False,True,0,0,0,0,199,3.38,1360,786,2396,No comms for 90s +,Not available because of DECO,UNAVAILABLE_SENSOR_DATA,0,0,0
1848,18.4,6,11,1.58,0.56,0,3,0,1,0,17,False,True,0,0,0,0,199,3.38,1360,786,2396,No comms for 90s +,Not available because of DECO,UNAVAILABLE_SENSOR_DATA,0,0,0
1850,18.4,6,11,1.59,0.56,0,3,0,1,0,17,False,True,0,0,0,0,199,3.38,1360,786,2386,No comms for 90s +,Not available because of DECO,UNAVAILABLE_SENSOR_DATA,0,0,0
1852,18,6,11,1.56,0.56,0,3,0,1,0,17,False,True,0,0,0,0,199,3.38,1360,786,2386,No comms for 90s +,Not available because of DECO,UNAVAILABLE_SENSOR_DATA,0,0,0
1854,17.8,6,11,1.55,0.56,0,3,0,1,0,17,False,True,0,0,0,0,199,3.37,1360,786,2386,No comms for 90s +,Not available because of DECO,UNAVAILABLE_SENSOR_DATA,0,0,0
1856,17.6,6,11,1.54,0.56,0,3,0,1,0,17,False,True,0,0,0,0,199,3.37,1360,786,2366,No comms for 90s +,Not available because of DECO,UNAVAILABLE_SENSOR_DATA,0,0,0
1858,17.3,6,11,1.54,0.56,0,3,0,1,0,17,False,True,0,0,0,0,199,3.38,1360,786,2366,No comms for 90s +,Not available because of DECO,UNAVAILABLE_SENSOR_DATA,0,0,0
1860,16.8,6,11,1.5,0.56,0,3,0,1,0,17,False,True,0,0,0,0,199,3.38,1360,786,2366,No comms for 90s +,Not available because of DECO,UNAVAILABLE_SENSOR_DATA,0,0,0
1862,16.6,6,11,1.49,0.56,0,3,0,1,0,17,False,True,0,0,0,0,200,3.39,1360,786,2352,No comms for 90s +,Not available because of DECO,UNAVAILABLE_SENSOR_DATA,0,0,0
1864,16.7,6,11,1.49,0.56,0,3,0,1,0,17,False,True,0,0,0,0,199,3.38,1362,786,2352,No comms for 90s +,Not available because of DECO,UNAVAILABLE_SENSOR_DATA,0,0,0
1866,16.3,6,11,1.48,0.56,0,3,0,1,0,17,False,True,0,0,0,0,199,3.38,1362,786,2346,No comms for 90s +,Not available because of DECO,0.41,0,0,0
1868,16.2,6,11,1.46,0.56,0,3,0,1,0,17,False,True,0,0,0,0,199,3.38,1362,786,2346,No comms for 90s +,Not available because of DECO,0.41,0,0,0
1870,16.1,6,11,1.46,0.56,0,3,0,1,0,17,False,True,0,0,0,0,199,3.39,1362,786,2332,No comms for 90s +,Not available because of DECO,UNAVAILABLE_SENSOR_DATA,0,0,0
1872,15.9,6,11,1.45,0.56,0,3,0,1,0,17,False,True,0,0,0,0,199,3.39,1362,786,2332,No comms for 90s +,Not available because of DECO,UNAVAILABLE_SENSOR_DATA,0,0,0
1874,16,6,11,1.45,0.56,0,3,0,1,0,17,False,True,0,0,0,0,200,3.4,1360,786,2332,No comms for 90s +,Not available because of DECO,UNAVAILABLE_SENSOR_DATA,0,0,0
1876,15.9,6,11,1.45,0.56,0,3,0,1,0,17,False,True,0,0,0,0,199,3.4,1360,786,2320,No comms for 90s +,Not available because of DECO,UNAVAILABLE_SENSOR_DATA,0,0,0
1878,15.5,6,10,1.44,0.56,0,3,0,1,0,17,False,True,0,0,0,0,199,3.39,1360,786,2320,No comms for 90s +,Not available because of DECO,UNAVAILABLE_SENSOR_DATA,0,0,0
1880,15.4,6,10,1.42,0.56,0,3,0,1,0,17,False,True,0,0,0,0,199,3.38,1360,788,2310,No comms for 90s +,Not available because of DECO,UNAVAILABLE_SENSOR_DATA,0,0,0
1882,15.3,6,10,1.42,0.56,0,3,0,1,0,17,False,True,0,0,0,0,199,3.39,1360,788,2310,No comms for 90s +,Not available because of DECO,UNAVAILABLE_SENSOR_DATA,0,0,0
1884,15.2,6,10,1.41,0.56,0,3,0,1,0,17,False,True,0,0,0,0,199,3.39,1360,788,2310,No comms for 90s +,Not available because of DECO,UNAVAILABLE_SENSOR_DATA,0,0,0
1886,15,6,10,1.4,0.56,0,3,0,1,0,17,False,True,0,0,0,0,199,3.4,1360,786,2306,No comms for 90s +,Not available because of DECO,UNAVAILABLE_SENSOR_DATA,0,0,0
1888,15.1,6,10,1.4,0.56,0,3,0,1,0,17,False,True,0,0,0,0,199,3.39,1364,786,2306,No comms for 90s +,Not available because of DECO,UNAVAILABLE_SENSOR_DATA,0,0,0
1890,15.4,6,10,1.41,0.56,0,3,0,1,0,17,False,True,0,0,0,0,199,3.39,1364,788,2292,No comms for 90s +,Not available because of DECO,UNAVAILABLE_SENSOR_DATA,0,0,0
1892,15.2,6,10,1.42,0.56,0,3,0,1,0,17,False,True,0,0,0,0,199,3.38,1364,788,2292,No comms for 90s +,Not available because of DECO,UNAVAILABLE_SENSOR_DATA,0,0,0
1894,14.9,6,10,1.4,0.56,0,3,0,1,0,17,False,True,0,0,0,0,199,3.39,1360,788,2292,No comms for 90s +,Not available because of DECO,UNAVAILABLE_SENSOR_DATA,0,0,0
1896,14.4,6,10,1.38,0.56,0,3,0,1,0,17,False,True,0,0,0,0,199,3.39,1360,788,2292,No comms for 90s +,Not available because of DECO,UNAVAILABLE_SENSOR_DATA,0,0,0
1898,14.5,6,10,1.37,0.56,0,3,0,1,0,17,False,True,0,0,0,0,199,3.39,1362,788,2292,No comms for 90s +,Not available because of DECO,UNAVAILABLE_SENSOR_DATA,0,0,0
1900,14.5,6,10,1.37,0.56,0,3,0,1,0,17,False,True,0,0,0,0,199,3.39,1362,788,2292,No comms for 90s +,Not available because of DECO,UNAVAILABLE_SENSOR_DATA,0,0,0
1902,14.6,6,10,1.37,0.56,0,3,0,1,0,17,False,True,0,0,0,0,199,3.38,1362,788,2292,No comms for 90s +,Not available because of DECO,UNAVAILABLE_SENSOR_DATA,0,0,0
1904,14.4,6,10,1.37,0.56,0,3,0,1,0,17,False,True,0,0,0,0,199,3.38,1362,788,2292,No comms for 90s +,Not available because of DECO,UNAVAILABLE_SENSOR_DATA,0,0,0
1906,14.4,6,10,1.36,0.56,0,3,0,1,0,17,False,True,0,0,0,0,199,3.38,1362,788,2258,No comms for 90s +,Not available because of DECO,UNAVAILABLE_SENSOR_DATA,0,0,0
1908,14.2,6,10,1.36,0.56,0,3,0,1,0,17,False,True,0,0,0,0,199,3.39,1362,788,2258,No comms for 90s +,Not available because of DECO,UNAVAILABLE_SENSOR_DATA,0,0,0
1910,14.2,6,10,1.35,0.56,0,3,0,1,0,17,False,True,0,0,0,0,199,3.39,1362,788,2252,No comms for 90s +,Not available because of DECO,UNAVAILABLE_SENSOR_DATA,0,0,0
1912,14,6,10,1.34,0.56,0,3,0,1,0,17,False,True,0,0,0,0,199,3.39,1362,786,2252,No comms for 90s +,Not available because of DECO,UNAVAILABLE_SENSOR_DATA,0,0,0
1914,14.3,6,10,1.36,0.56,0,3,0,1,0,17,False,True,0,0,0,0,199,3.39,1362,786,2252,No comms for 90s +,Not available because of DECO,UNAVAILABLE_SENSOR_DATA,0,0,0
1916,14.7,6,11,1.37,0.56,0,3,0,1,0,17,False,True,0,0,0,0,199,3.39,1362,788,2240,No comms for 90s +,Not available because of DECO,UNAVAILABLE_SENSOR_DATA,0,0,0
1918,15,6,11,1.39,0.56,0,3,0,1,0,17,False,True,0,0,0,0,199,3.39,1362,788,2240,No comms for 90s +,Not available because of DECO,UNAVAILABLE_SENSOR_DATA,0,0,0
1920,15.3,6,11,1.41,0.56,0,3,0,1,0,17,False,True,0,0,0,0,199,3.4,1362,788,2230,No comms for 90s +,Not available because of DECO,UNAVAILABLE_SENSOR_DATA,0,0,0
1922,15.8,6,11,1.43,0.56,0,3,0,1,0,17,False,True,0,0,0,0,200,3.4,1362,788,2230,No comms for 90s +,Not available because of DECO,UNAVAILABLE_SENSOR_DATA,0,0,0
1924,16.2,6,11,1.46,0.56,0,3,0,1,0,17,False,True,0,0,0,0,199,3.4,1362,788,2230,No comms for 90s +,Not available because of DECO,UNAVAILABLE_SENSOR_DATA,0,0,0
1926,16.3,6,11,1.47,0.56,0,3,0,1,0,17,False,True,0,0,0,0,199,3.39,1362,786,2208,No comms for 90s +,Not available because of DECO,UNAVAILABLE_SENSOR_DATA,0,0,0
1928,16.3,6,11,1.47,0.56,0,3,0,1,0,17,False,True,0,0,0,0,199,3.39,1362,786,2208,No comms for 90s +,Not available because of DECO,UNAVAILABLE_SENSOR_DATA,0,0,0
1930,16.6,6,11,1.48,0.56,0,3,0,1,0,17,False,True,0,0,0,0,200,3.39,1362,786,2196,No comms for 90s +,Not available because of DECO,UNAVAILABLE_SENSOR_DATA,0,0,0
1932,16.9,6,11,1.49,0.56,0,3,0,1,0,17,False,True,0,0,0,0,200,3.4,1362,788,2196,No comms for 90s +,Not available because of DECO,UNAVAILABLE_SENSOR_DATA,0,0,0
1934,17.1,6,11,1.51,0.56,0,3,0,1,0,17,False,True,0,0,0,0,199,3.4,1362,788,2196,No comms for 90s +,Not available because of DECO,UNAVAILABLE_SENSOR_DATA,0,0,0
1936,17.4,6,11,1.53,0.56,0,3,0,1,0,17,False,True,0,0,0,0,199,3.4,1362,788,2186,No comms for 90s +,Not available because of DECO,UNAVAILABLE_SENSOR_DATA,0,0,0
1938,17.2,6,11,1.52,0.56,0,3,0,1,0,17,False,True,0,0,0,0,199,3.39,1362,788,2186,No comms for 90s +,Not available because of DECO,UNAVAILABLE_SENSOR_DATA,0,0,0
1940,16.8,6,11,1.51,0.56,0,3,0,1,0,17,False,True,0,0,0,0,199,3.39,1362,788,2174,No comms for 90s +,Not available because of DECO,UNAVAILABLE_SENSOR_DATA,0,0,0
1942,16.4,6,11,1.48,0.56,0,3,0,1,0,17,False,True,0,0,0,0,199,3.39,1362,788,2174,No comms for 90s +,Not available because of DECO,UNAVAILABLE_SENSOR_DATA,0,0,0
1944,16.1,6,10,1.46,0.56,0,3,0,1,0,17,False,True,0,0,0,0,199,3.4,1362,788,2174,No comms for 90s +,Not available because of DECO,UNAVAILABLE_SENSOR_DATA,0,0,0
1946,15.8,6,10,1.45,0.56,0,3,0,1,0,17,False,True,0,0,0,0,199,3.4,1362,788,2156,No comms for 90s +,Not available because of DECO,UNAVAILABLE_SENSOR_DATA,0,0,0
1948,15.6,6,10,1.43,0.56,0,3,0,1,0,17,False,True,0,0,0,0,199,3.4,1362,788,2156,No comms for 90s +,Not available because of DECO,UNAVAILABLE_SENSOR_DATA,0,0,0
1950,15.5,6,10,1.43,0.56,0,2,0,1,0,17,False,True,0,0,0,0,199,3.39,1362,788,2138,No comms for 90s +,Not available because of DECO,UNAVAILABLE_SENSOR_DATA,0,0,0
1952,15.5,6,10,1.42,0.56,0,2,0,1,0,17,False,True,0,0,0,0,199,3.38,1362,774,2138,No comms for 90s +,Not available because of DECO,UNAVAILABLE_SENSOR_DATA,0,0,0
1954,15.4,6,10,1.42,0.56,0,2,0,1,0,17,False,True,0,0,0,0,199,3.39,1362,774,2138,No comms for 90s +,Not available because of DECO,UNAVAILABLE_SENSOR_DATA,0,0,0
1956,15.3,6,10,1.41,0.56,0,2,0,1,0,17,False,True,0,0,0,0,199,3.39,1362,782,2130,No comms for 90s +,Not available because of DECO,2.3,0,0,0
1958,14.9,6,10,1.4,0.56,0,2,0,1,0,17,False,True,0,0,0,0,199,3.39,1362,782,2130,No comms for 90s +,Not available because of DECO,2.3,0,0,0
1960,14.8,6,10,1.38,0.56,0,2,0,1,0,17,False,True,0,0,0,0,199,3.39,1362,782,2138,No comms for 90s +,Not available because of DECO,0.77,0,0,0
1962,14.9,6,10,1.39,0.56,0,2,0,1,0,17,False,True,0,0,0,0,199,3.39,1362,782,2138,No comms for 90s +,Not available because of DECO,0.77,0,0,0
1964,14.9,6,10,1.39,0.56,0,2,0,1,0,17,False,True,0,0,0,0,199,3.39,1362,782,2138,No comms for 90s +,Not available because of DECO,0.77,0,0,0
1966,15,6,10,1.4,0.56,0,2,0,1,0,17,False,True,0,0,0,0,199,3.39,1362,772,2114,No comms for 90s +,Not available because of DECO,0.77,0,0,0
1968,14.9,6,10,1.39,0.56,0,2,0,1,0,17,False,True,0,0,0,0,199,3.4,1362,772,2114,No comms for 90s +,Not available because of DECO,0.77,0,0,0
1970,14.9,6,10,1.39,0.56,0,2,0,1,0,17,False,True,0,0,0,0,199,3.4,1362,772,2104,No comms for 90s +,Not available because of DECO,2.72,0,0,0
1972,14.8,6,10,1.39,0.56,0,2,0,1,0,17,False,True,0,0,0,0,199,3.39,1362,780,2104,No comms for 90s +,Not available because of DECO,2.72,0,0,0
1974,14.2,6,10,1.36,0.56,0,2,0,1,0,17,False,True,0,0,0,0,199,3.39,1362,780,2104,No comms for 90s +,Not available because of DECO,2.72,0,0,0
1976,13.5,6,10,1.32,0.56,0,2,0,1,0,17,False,True,0,0,0,0,199,3.39,1362,778,2100,No comms for 90s +,Not available because of DECO,1.18,0,0,0
1978,13.1,6,10,1.3,0.56,0,2,0,1,0,17,False,True,0,0,0,0,199,3.39,1362,778,2100,No comms for 90s +,Not available because of DECO,1.18,0,0,0
1980,12.5,6,10,1.26,0.56,0,2,0,1,0,17,False,True,0,0,0,0,200,3.39,1362,778,2098,No comms for 90s +,Not available because of DECO,1.58,0,0,0
1982,12.1,6,10,1.24,0.56,0,2,0,1,0,17,False,True,0,0,0,0,199,3.39,1362,778,2098,No comms for 90s +,Not available because of DECO,1.58,0,0,0
1984,12.5,6,10,1.26,0.56,0,2,0,1,0,17,False,True,0,0,0,0,199,3.39,1362,778,2098,No comms for 90s +,Not available because of DECO,1.58,0,0,0
1986,12.5,6,10,1.26,0.56,0,2,0,1,0,17,False,True,0,0,0,0,199,3.39,1362,780,2082,No comms for 90s +,Not available because of DECO,1.59,0,0,0
1988,12.6,6,10,1.26,0.56,0,2,0,1,0,17,False,True,0,0,0,0,199,3.39,1362,780,2082,No comms for 90s +,Not available because of DECO,1.59,0,0,0
1990,12.3,6,10,1.25,0.56,0,2,0,1,0,17,False,True,0,0,0,0,199,3.39,1362,780,2072,No comms for 90s +,Not available because of DECO,1.2,0,0,0
1992,11.9,6,10,1.23,0.56,0,2,0,1,0,17,False,True,0,0,0,0,199,3.39,1362,780,2072,No comms for 90s +,Not available because of DECO,1.2,0,0,0
1994,11.8,6,10,1.22,0.56,0,2,0,1,0,17,False,True,0,0,0,0,199,3.39,1362,780,2072,No comms for 90s +,Not available because of DECO,1.2,0,0,0
1996,11.4,6,10,1.21,0.56,0,2,0,1,0,17,False,True,0,0,0,0,199,3.39,1362,780,2054,No comms for 90s +,Not available because of DECO,1.21,0,0,0
1998,10.9,6,10,1.18,0.56,0,2,0,1,0,17,False,True,0,0,0,0,199,3.39,1362,780,2054,No comms for 90s +,Not available because of DECO,1.21,0,0,0
2000,10.8,6,9,1.16,0.56,0,2,0,1,0,17,False,True,0,0,0,0,200,3.38,1362,780,2044,No comms for 90s +,Not available because of DECO,1.63,0,0,0
2002,10.6,6,9,1.16,0.56,0,2,0,1,0,17,False,True,0,0,0,0,199,3.38,1364,780,2044,No comms for 90s +,Not available because of DECO,1.63,0,0,0
2004,10.2,6,9,1.13,0.56,0,2,0,1,0,17,False,True,0,0,0,0,199,3.39,1364,780,2044,No comms for 90s +,Not available because of DECO,1.63,0,0,0
2006,9.900001,6,9,1.12,0.56,0,2,0,1,0,17,False,True,0,0,0,0,199,3.39,1364,780,2040,No comms for 90s +,Not available because of DECO,1.23,0,0,0
2008,9.5,6,9,1.1,0.56,0,2,0,1,0,17,False,True,0,0,0,0,199,3.39,1362,780,2040,No comms for 90s +,Not available because of DECO,1.23,0,0,0
2010,9.2,6,9,1.08,0.56,0,2,0,1,0,17,False,True,0,0,0,0,200,3.39,1362,780,2030,No comms for 90s +,Not available because of DECO,2.07,0,0,0
2012,9,6,9,1.07,0.56,0,2,0,1,0,17,False,True,0,0,0,0,199,3.39,1362,780,2030,No comms for 90s +,Not available because of DECO,2.07,0,0,0
2014,9.2,6,9,1.07,0.56,0,2,0,1,0,17,False,True,0,0,0,0,199,3.39,1362,780,2030,No comms for 90s +,Not available because of DECO,2.07,0,0,0
2016,9.400001,6,9,1.09,0.56,0,2,0,1,0,17,False,True,0,0,0,0,199,3.4,1362,780,2016,No comms for 90s +,Not available because of DECO,1.67,0,0,0
2018,9.1,6,9,1.08,0.56,0,2,0,1,0,17,False,True,0,0,0,0,199,3.4,1362,780,2016,No comms for 90s +,Not available because of DECO,1.67,0,0,0
2020,9.2,6,9,1.07,0.56,0,2,0,1,0,17,False,True,0,0,0,0,199,3.4,1362,780,2012,No comms for 90s +,Not available because of DECO,1.69,0,0,0
2022,9.1,6,9,1.07,0.56,0,2,0,1,0,17,False,True,0,0,0,0,199,3.39,1362,782,2012,No comms for 90s +,Not available because of DECO,1.69,0,0,0
2024,9,6,9,1.07,0.56,0,2,0,1,0,17,False,True,0,0,0,0,199,3.39,1362,782,2012,No comms for 90s +,Not available because of DECO,1.69,0,0,0
2026,8.8,6,9,1.06,0.56,0,2,0,1,0,17,False,True,0,0,0,0,199,3.39,1362,780,1996,No comms for 90s +,Not available because of DECO,1.28,0,0,0
2028,8.6,6,9,1.05,0.56,0,2,0,1,0,17,True,True,0,0,0,0,199,3.39,1362,780,1996,No comms for 90s +,Not available because of DECO,1.28,0,0,0
2030,8.5,6,9,1.04,0.56,0,2,0,1,0,17,True,True,0,0,0,0,200,3.4,1362,780,1990,No comms for 90s +,Not available because of DECO,1.72,0,0,0
2032,8.400001,6,9,1.03,0.56,0,2,0,1,0,17,True,True,0,0,0,0,199,3.39,1362,782,1990,No comms for 90s +,Not available because of DECO,1.72,0,0,0
2034,8.3,6,9,1.02,0.56,0,2,0,1,0,17,True,True,0,0,0,0,199,3.39,1362,782,1990,No comms for 90s +,Not available because of DECO,1.72,0,0,0
2036,8.400001,6,9,1.03,0.56,0,2,0,1,0,17,True,True,0,0,0,0,199,3.39,1362,780,1974,No comms for 90s +,Not available because of DECO,0.87,0,0,0
2038,8.5,6,9,1.03,0.56,0,2,0,1,0,17,True,True,0,0,0,0,199,3.39,1362,780,1974,No comms for 90s +,Not available because of DECO,0.87,0,0,0
2040,8.5,6,9,1.04,0.56,0,2,0,1,0,17,True,True,0,0,0,0,200,3.4,1362,780,1972,No comms for 90s +,Not available because of DECO,1.76,0,0,0
2042,8.7,6,9,1.04,0.56,0,2,0,1,0,17,True,True,0,0,0,0,199,3.4,1362,780,1972,No comms for 90s +,Not available because of DECO,1.76,0,0,0
2044,8.7,6,9,1.05,0.56,0,2,0,1,0,17,True,True,0,0,0,0,199,3.4,1362,780,1972,No comms for 90s +,Not available because of DECO,1.76,0,0,0
2046,8.6,6,9,1.05,0.56,0,2,0,1,0,17,True,True,0,0,0,0,199,3.39,1362,782,1966,No comms for 90s +,Not available because of DECO,1.78,0,0,0
2048,8.6,6,9,1.04,0.56,0,2,0,1,0,17,True,True,0,0,0,0,199,3.39,1362,782,1966,No comms for 90s +,Not available because of DECO,1.78,0,0,0
2050,8.400001,6,9,1.03,0.56,0,2,0,1,0,17,True,True,0,0,0,0,199,3.4,1362,782,1956,No comms for 90s +,Not available because of DECO,0.9,0,0,0
2052,8.400001,6,9,1.03,0.56,0,2,0,1,0,17,True,True,0,0,0,0,199,3.4,1362,782,1956,No comms for 90s +,Not available because of DECO,0.9,0,0,0
2054,8.8,6,9,1.05,0.56,0,2,0,1,0,17,False,True,0,0,0,0,199,3.4,1362,782,1956,No comms for 90s +,Not available because of DECO,0.9,0,0,0
2056,9,6,9,1.06,0.56,0,2,0,1,0,17,False,True,0,0,0,0,199,3.4,1362,780,1956,No comms for 90s +,Not available because of DECO,1.37,0,0,0
2058,9,6,9,1.07,0.56,0,2,0,1,0,17,False,True,0,0,0,0,200,3.4,1362,780,1956,No comms for 90s +,Not available because of DECO,1.37,0,0,0
2060,9.1,6,8,1.07,0.56,0,2,0,1,0,17,False,True,0,0,0,0,199,3.39,1362,780,1938,No comms for 90s +,Not available because of DECO,1.85,0,0,0
2062,9,6,8,1.07,0.56,0,2,0,1,0,17,False,True,0,0,0,0,199,3.4,1362,782,1938,No comms for 90s +,Not available because of DECO,1.85,0,0,0
2064,9,6,8,1.06,0.56,0,2,0,1,0,17,False,True,0,0,0,0,199,3.4,1362,782,1938,No comms for 90s +,Not available because of DECO,1.85,0,0,0
2066,9,6,8,1.06,0.56,0,2,0,1,0,17,False,True,0,0,0,0,199,3.4,1362,782,1934,No comms for 90s +,Not available because of DECO,1.41,0,0,0
2068,8.8,6,8,1.06,0.56,0,2,0,1,0,17,False,True,0,0,0,0,199,3.4,1362,782,1934,No comms for 90s +,Not available because of DECO,1.41,0,0,0
2070,9,6,8,1.06,0.56,0,2,0,1,0,17,False,True,0,0,0,0,199,3.4,1362,782,1924,No comms for 90s +,Not available because of DECO,1.43,0,0,0
2072,9,6,8,1.06,0.56,0,2,0,1,0,17,False,True,0,0,0,0,199,3.39,1362,782,1924,No comms for 90s +,Not available because of DECO,1.43,0,0,0
2074,9.1,6,8,1.07,0.56,0,2,0,1,0,17,False,True,0,0,0,0,199,3.4,1362,782,1924,No comms for 90s +,Not available because of DECO,1.43,0,0,0
2076,8.900001,6,9,1.06,0.56,0,2,0,1,0,17,False,True,0,0,0,0,199,3.4,1362,782,1914,No comms for 90s +,Not available because of DECO,UNAVAILABLE_SENSOR_DATA,0,0,0
2078,8.7,6,9,1.05,0.56,0,2,0,1,0,17,False,True,0,0,0,0,199,3.4,1364,782,1914,No comms for 90s +,Not available because of DECO,UNAVAILABLE_SENSOR_DATA,0,0,0
2080,8.5,6,9,1.04,0.56,0,2,0,1,0,17,True,True,0,0,0,0,199,3.4,1364,782,1912,No comms for 90s +,Not available because of DECO,UNAVAILABLE_SENSOR_DATA,0,0,0
2082,8.3,6,9,1.03,0.56,0,2,0,1,0,17,True,True,0,0,0,0,199,3.39,1364,782,1912,No comms for 90s +,Not available because of DECO,UNAVAILABLE_SENSOR_DATA,0,0,0
2084,8.1,6,9,1.02,0.56,0,2,0,1,0,17,True,True,0,0,0,0,199,3.39,1362,782,1912,No comms for 90s +,Not available because of DECO,UNAVAILABLE_SENSOR_DATA,0,0,0
2086,7.9,6,8,1.01,0.56,0,1,0,1,0,17,True,True,0,0,0,0,199,3.39,1362,782,1908,No comms for 90s +,Not available because of DECO,UNAVAILABLE_SENSOR_DATA,0,0,0
2088,7.6,6,8,0.9899999,0.56,0,1,0,1,0,17,True,True,0,0,0,0,199,3.4,1362,782,1908,No comms for 90s +,Not available because of DECO,UNAVAILABLE_SENSOR_DATA,0,0,0
2090,7.6,6,8,0.9899999,0.56,0,1,0,1,0,17,True,True,0,0,0,0,199,3.4,1362,782,1902,No comms for 90s +,Not available because of DECO,UNAVAILABLE_SENSOR_DATA,0,0,0
2092,7.4,6,8,0.98,0.56,0,1,0,1,0,17,True,True,0,0,0,0,199,3.39,1362,782,1902,No comms for 90s +,Not available because of DECO,UNAVAILABLE_SENSOR_DATA,0,0,0
2094,7.3,6,8,0.98,0.56,0,1,0,1,0,17,True,True,0,0,0,0,199,3.39,1362,782,1902,No comms for 90s +,Not available because of DECO,UNAVAILABLE_SENSOR_DATA,0,0,0
2096,7.4,6,9,0.98,0.56,0,1,0,1,0,17,True,True,0,0,0,0,199,3.39,1362,782,1896,No comms for 90s +,Not available because of DECO,UNAVAILABLE_SENSOR_DATA,0,0,0
2098,7.4,6,9,0.98,0.56,0,1,0,1,0,17,True,True,0,0,0,0,199,3.39,1362,782,1896,No comms for 90s +,Not available because of DECO,UNAVAILABLE_SENSOR_DATA,0,0,0
2100,7.3,6,9,0.97,0.56,0,1,0,1,0,17,True,True,0,0,0,0,199,3.39,1362,782,1886,No comms for 90s +,Not available because of DECO,UNAVAILABLE_SENSOR_DATA,0,0,0
2102,7.5,6,9,0.98,0.56,0,1,0,1,0,17,True,True,0,0,0,0,199,3.39,1362,782,1886,No comms for 90s +,Not available because of DECO,UNAVAILABLE_SENSOR_DATA,0,0,0
2104,7.8,6,9,1,0.56,0,1,0,1,0,17,True,True,0,0,0,0,199,3.39,1362,782,1886,No comms for 90s +,Not available because of DECO,UNAVAILABLE_SENSOR_DATA,0,0,0
2106,7.8,6,9,1,0.56,0,1,0,1,0,17,True,True,0,0,0,0,199,3.38,1362,782,1878,No comms for 90s +,Not available because of DECO,UNAVAILABLE_SENSOR_DATA,0,0,0
2108,7.8,6,9,1,0.56,0,1,0,1,0,17,True,True,0,0,0,0,199,3.38,1362,782,1878,No comms for 90s +,Not available because of DECO,UNAVAILABLE_SENSOR_DATA,0,0,0
2110,7.8,6,9,1,0.56,0,1,0,1,0,17,True,True,0,0,0,0,199,3.38,1362,782,1864,No comms for 90s +,Not available because of DECO,UNAVAILABLE_SENSOR_DATA,0,0,0
2112,7.8,6,9,1,0.56,0,1,0,1,0,17,True,True,0,0,0,0,199,3.38,1362,782,1864,No comms for 90s +,Not available because of DECO,UNAVAILABLE_SENSOR_DATA,0,0,0
2114,7.8,6,9,1,0.56,0,1,0,1,0,17,True,True,0,0,0,0,199,3.38,1362,782,1864,No comms for 90s +,Not available because of DECO,UNAVAILABLE_SENSOR_DATA,0,0,0
2116,7.6,6,9,0.9899999,0.56,0,1,0,1,0,17,True,True,0,0,0,0,199,3.38,1362,782,1850,No comms for 90s +,Not available because of DECO,UNAVAILABLE_SENSOR_DATA,0,0,0
2118,7.5,6,8,0.98,0.56,0,1,0,1,0,17,True,True,0,0,0,0,199,3.38,1364,782,1850,No comms for 90s +,Not available because of DECO,UNAVAILABLE_SENSOR_DATA,0,0,0
2120,7.6,6,8,0.9899999,0.56,0,1,0,1,0,17,True,True,0,0,0,0,199,3.37,1364,782,1848,No comms for 90s +,Not available because of DECO,UNAVAILABLE_SENSOR_DATA,0,0,0
2122,7.6,6,8,0.9899999,0.56,0,1,0,1,0,17,True,True,0,0,0,0,199,3.38,1362,782,1848,No comms for 90s +,Not available because of DECO,UNAVAILABLE_SENSOR_DATA,0,0,0
2124,7.5,6,8,0.98,0.56,0,1,0,1,0,17,True,True,0,0,0,0,199,3.38,1362,782,1848,No comms for 90s +,Not available because of DECO,UNAVAILABLE_SENSOR_DATA,0,0,0
2126,7.6,6,8,0.9899999,0.56,0,1,0,1,0,17,True,True,0,0,0,0,199,3.38,1362,782,1840,No comms for 90s +,Not available because of DECO,0.54,0,0,0
2128,7.8,6,8,1,0.56,0,1,0,1,0,17,True,True,0,0,0,0,200,3.38,1362,782,1840,No comms for 90s +,Not available because of DECO,0.54,0,0,0
2130,7.5,6,8,0.98,0.56,0,1,0,1,0,17,True,True,0,0,0,0,199,3.38,1362,782,1826,No comms for 90s +,Not available because of DECO,UNAVAILABLE_SENSOR_DATA,0,0,0
2132,7.6,6,8,0.9899999,0.56,0,1,0,1,0,17,True,True,0,0,0,0,199,3.38,1364,782,1826,No comms for 90s +,Not available because of DECO,UNAVAILABLE_SENSOR_DATA,0,0,0
2134,7.5,6,8,0.98,0.56,0,1,0,1,0,17,True,True,0,0,0,0,199,3.39,1364,782,1826,No comms for 90s +,Not available because of DECO,UNAVAILABLE_SENSOR_DATA,0,0,0
2136,7.4,6,8,0.98,0.56,0,1,0,1,0,17,True,True,0,0,0,0,199,3.39,1364,782,1818,No comms for 90s +,Not available because of DECO,UNAVAILABLE_SENSOR_DATA,0,0,0
2138,7.5,6,8,0.98,0.56,0,1,0,1,0,17,True,True,0,0,0,0,199,3.39,1362,782,1818,No comms for 90s +,Not available because of DECO,UNAVAILABLE_SENSOR_DATA,0,0,0
2140,7.6,6,8,0.9899999,0.56,0,1,0,1,0,17,True,True,0,0,0,0,199,3.38,1362,782,1824,No comms for 90s +,Not available because of DECO,UNAVAILABLE_SENSOR_DATA,0,0,0
2142,7.7,6,8,1.52,0.86,0,1,0,1,0,17,False,True,0,0,0,0,199,3.38,1362,782,1824,2316,Not available because of DECO,UNAVAILABLE_SENSOR_DATA,0,0,0
2144,7.4,6,8,1.5,0.86,0,1,0,1,0,17,False,True,0,0,0,0,199,3.39,1362,782,1824,2316,Not available because of DECO,UNAVAILABLE_SENSOR_DATA,0,0,0
2146,7.4,6,8,1.5,0.86,0,1,0,1,0,17,False,True,0,0,0,0,199,3.39,1362,782,1828,2308,Not available because of DECO,UNAVAILABLE_SENSOR_DATA,0,0,0
2148,7.6,6,8,1.51,0.86,0,1,0,1,0,17,False,True,0,0,0,0,199,3.4,1362,782,1828,2308,Not available because of DECO,UNAVAILABLE_SENSOR_DATA,0,0,0
2150,7.5,6,8,1.52,0.86,0,1,0,1,0,17,False,True,0,0,0,0,199,3.4,1362,782,1832,2308,Not available because of DECO,UNAVAILABLE_SENSOR_DATA,0,0,0
2152,7.5,6,8,1.5,0.86,0,1,0,1,0,17,False,True,0,0,0,0,199,3.4,1362,782,1832,2308,Not available because of DECO,UNAVAILABLE_SENSOR_DATA,0,0,0
2154,7.6,6,8,1.52,0.86,0,1,0,1,0,17,False,True,0,0,0,0,199,3.4,1362,782,1832,2308,Not available because of DECO,UNAVAILABLE_SENSOR_DATA,0,0,0
2156,7.7,6,8,1.52,0.86,0,1,0,1,0,17,False,True,0,0,0,0,199,3.4,1362,782,1836,2286,Not available because of DECO,UNAVAILABLE_SENSOR_DATA,0,0,0
2158,7.6,6,8,1.52,0.86,0,1,0,1,0,17,False,True,0,0,0,0,199,3.4,1364,782,1836,2286,Not available because of DECO,UNAVAILABLE_SENSOR_DATA,0,0,0
2160,7.4,6,8,1.5,0.86,0,1,0,1,0,17,False,True,0,0,0,0,199,3.4,1364,782,1838,2286,Not available because of DECO,UNAVAILABLE_SENSOR_DATA,0,0,0
2162,7.3,6,8,1.49,0.86,0,1,0,1,0,17,False,True,0,0,0,0,199,3.4,1364,782,1838,2272,Not available because of DECO,UNAVAILABLE_SENSOR_DATA,0,0,0
2164,7.2,3,7,1.48,0.86,0,6,0,1,0,17,False,True,0,0,0,0,199,3.4,1362,782,1838,2272,Not available because of DECO,UNAVAILABLE_SENSOR_DATA,0,0,0
2166,7.1,3,7,1.48,0.86,0,6,0,1,0,17,False,True,0,0,0,0,199,3.4,1362,782,1840,2260,Not available because of DECO,UNAVAILABLE_SENSOR_DATA,0,0,0
2168,7.1,3,7,1.48,0.86,0,6,0,1,0,17,False,True,0,0,0,0,199,3.4,1364,782,1840,2260,Not available because of DECO,UNAVAILABLE_SENSOR_DATA,0,0,0
2170,7.1,3,7,1.48,0.86,0,6,0,1,0,17,False,True,0,0,0,0,199,3.4,1364,782,1842,2260,Not available because of DECO,UNAVAILABLE_SENSOR_DATA,0,0,0
2172,6.9,3,7,1.46,0.86,0,6,0,1,0,17,False,True,0,0,0,0,199,3.39,1362,782,1842,2260,Not available because of DECO,UNAVAILABLE_SENSOR_DATA,0,0,0
2174,6.8,3,7,1.45,0.86,0,6,0,1,0,17,False,True,0,0,0,0,199,3.39,1362,782,1842,2260,Not available because of DECO,UNAVAILABLE_SENSOR_DATA,0,0,0
2176,6.8,3,7,1.45,0.86,0,6,0,1,0,17,False,True,0,0,0,0,199,3.39,1362,784,1844,2230,Not available because of DECO,UNAVAILABLE_SENSOR_DATA,0,0,0
2178,6.7,3,7,1.44,0.86,0,6,0,1,0,17,False,True,0,0,0,0,200,3.39,1362,784,1844,2230,Not available because of DECO,UNAVAILABLE_SENSOR_DATA,0,0,0
2180,6.6,3,7,1.43,0.86,0,6,0,1,0,17,False,True,0,0,0,0,199,3.39,1362,784,1846,2230,Not available because of DECO,UNAVAILABLE_SENSOR_DATA,0,0,0
2182,6.4,3,7,1.42,0.86,0,6,0,1,0,17,False,True,0,0,0,0,199,3.39,1362,784,1846,2230,Not available because of DECO,UNAVAILABLE_SENSOR_DATA,0,0,0
2184,6.2,3,7,1.4,0.86,0,6,0,1,0,17,False,True,0,0,0,0,199,3.39,1362,784,1846,2230,Not available because of DECO,UNAVAILABLE_SENSOR_DATA,0,0,0
2186,6,3,7,1.38,0.86,0,6,0,1,0,17,False,True,0,0,0,0,199,3.38,1362,782,1846,2214,Not available because of DECO,UNAVAILABLE_SENSOR_DATA,0,0,0
2188,5.7,3,7,1.35,0.86,0,6,0,1,0,17,False,True,0,0,0,0,199,3.38,1364,782,1846,2214,Not available because of DECO,UNAVAILABLE_SENSOR_DATA,0,0,0
2190,5.3,3,7,1.32,0.86,0,6,0,1,0,17,False,True,0,0,0,0,199,3.38,1364,782,1850,2214,Not available because of DECO,UNAVAILABLE_SENSOR_DATA,0,0,0
2192,5.2,3,7,1.32,0.86,0,6,0,1,0,17,False,True,0,0,0,0,199,3.39,1364,784,1850,2202,Not available because of DECO,UNAVAILABLE_SENSOR_DATA,0,0,0
2194,4.8,3,7,1.28,0.86,0,6,0,1,0,17,False,True,0,0,0,0,199,3.39,1364,784,1850,2202,Not available because of DECO,UNAVAILABLE_SENSOR_DATA,0,0,0
2196,4.7,3,7,1.27,0.86,0,6,0,1,0,17,False,True,0,0,0,0,200,3.39,1364,784,1850,2200,Not available because of DECO,UNAVAILABLE_SENSOR_DATA,0,0,0
2198,4.6,3,7,1.26,0.86,0,6,0,1,0,17,False,True,0,0,0,0,199,3.39,1364,784,1850,2200,Not available because of DECO,UNAVAILABLE_SENSOR_DATA,0,0,0
2200,4.3,3,7,1.24,0.86,0,6,0,1,0,17,False,True,0,0,0,0,199,3.39,1364,784,1852,2200,Not available because of DECO,UNAVAILABLE_SENSOR_DATA,0,0,0
2202,4,3,7,1.21,0.86,0,6,0,1,0,17,False,True,0,0,0,0,199,3.39,1362,782,1852,2196,Not available because of DECO,UNAVAILABLE_SENSOR_DATA,0,0,0
2204,3.7,3,7,1.18,0.86,0,6,0,1,0,17,False,True,0,0,0,0,199,3.4,1362,782,1852,2196,Not available because of DECO,UNAVAILABLE_SENSOR_DATA,0,0,0
2206,3.3,3,7,1.15,0.86,0,6,0,1,0,17,False,True,0,0,0,0,200,3.4,1362,784,1854,2188,Not available because of DECO,UNAVAILABLE_SENSOR_DATA,0,0,0
2208,3.1,3,7,1.14,0.86,0,6,0,1,0,17,False,True,0,0,0,0,199,3.4,1364,784,1854,2188,Not available because of DECO,UNAVAILABLE_SENSOR_DATA,0,0,0
2210,2.9,3,7,1.12,0.86,0,6,0,1,0,17,False,True,0,0,0,0,199,3.4,1364,784,1856,2188,Not available because of DECO,UNAVAILABLE_SENSOR_DATA,0,0,0
2212,3.2,3,7,1.14,0.86,0,6,0,1,0,17,False,True,0,0,0,0,199,3.4,1364,784,1856,2182,Not available because of DECO,UNAVAILABLE_SENSOR_DATA,0,0,0
2214,3.2,3,7,1.14,0.86,0,6,0,1,0,17,False,True,0,0,0,0,199,3.4,1364,784,1856,2182,Not available because of DECO,UNAVAILABLE_SENSOR_DATA,0,0,0
2216,3.1,3,7,1.13,0.86,0,6,0,1,0,17,False,True,0,0,0,0,200,3.39,1364,782,1854,2180,Not available because of DECO,UNAVAILABLE_SENSOR_DATA,0,0,0
2218,3.1,3,7,1.14,0.86,0,6,0,1,0,17,False,True,0,0,0,0,199,3.39,1364,782,1854,2180,Not available because of DECO,UNAVAILABLE_SENSOR_DATA,0,0,0
2220,3.2,3,7,1.14,0.86,0,6,0,1,0,17,False,True,0,0,0,0,199,3.39,1364,782,1856,2180,Not available because of DECO,UNAVAILABLE_SENSOR_DATA,0,0,0
2222,3,3,7,1.12,0.86,0,6,0,1,0,17,False,True,0,0,0,0,199,3.39,1364,782,1856,2170,Not available because of DECO,UNAVAILABLE_SENSOR_DATA,0,0,0
2224,2.9,3,7,1.12,0.86,0,6,0,1,0,17,False,True,0,0,0,0,199,3.39,1362,782,1856,2170,Not available because of DECO,UNAVAILABLE_SENSOR_DATA,0,0,0
2226,2.7,3,7,1.1,0.86,0,6,0,1,0,17,False,True,0,0,0,0,200,3.38,1362,782,1856,2166,Not available because of DECO,UNAVAILABLE_SENSOR_DATA,0,0,0
2228,2.6,3,7,1.09,0.86,0,6,0,1,0,18,False,True,0,0,0,0,199,3.38,1364,782,1856,2166,Not available because of DECO,UNAVAILABLE_SENSOR_DATA,0,0,0
2230,2.8,3,7,1.11,0.86,0,6,0,1,0,18,False,True,0,0,0,0,199,3.38,1364,782,1856,2166,Not available because of DECO,UNAVAILABLE_SENSOR_DATA,0,0,0
2232,3.1,3,7,1.13,0.86,0,6,0,1,0,17,False,True,0,0,0,0,199,3.37,1364,784,1856,2162,Not available because of DECO,UNAVAILABLE_SENSOR_DATA,0,0,0
2234,3.2,3,7,1.14,0.86,0,6,0,1,0,17,False,True,0,0,0,0,199,3.38,1364,784,1856,2162,Not available because of DECO,UNAVAILABLE_SENSOR_DATA,0,0,0
2236,3.4,3,7,1.16,0.86,0,6,0,1,0,18,False,True,0,0,0,0,200,3.37,1364,784,1860,2148,Not available because of DECO,UNAVAILABLE_SENSOR_DATA,0,0,0
2238,3.8,3,7,1.19,0.86,0,6,0,1,0,17,False,True,0,0,0,0,199,3.37,1368,784,1860,2148,Not available because of DECO,UNAVAILABLE_SENSOR_DATA,0,0,0
2240,3.8,3,7,1.2,0.86,0,6,0,1,0,17,False,True,0,0,0,0,199,3.37,1368,784,1858,2136,Not available because of DECO,UNAVAILABLE_SENSOR_DATA,0,0,0
2242,3.9,3,7,1.2,0.86,0,6,0,1,0,17,False,True,0,0,0,0,199,3.37,1368,782,1858,2136,Not available because of DECO,UNAVAILABLE_SENSOR_DATA,0,0,0
2244,4.3,3,7,1.24,0.86,0,6,0,1,0,17,False,True,0,0,0,0,199,3.37,1368,782,1858,2136,Not available because of DECO,UNAVAILABLE_SENSOR_DATA,0,0,0
2246,4.9,3,6,1.28,0.86,0,5,0,1,0,17,False,True,0,0,0,0,199,3.37,1368,782,1858,2128,Not available because of DECO,UNAVAILABLE_SENSOR_DATA,0,0,0
2248,5.1,3,6,1.3,0.86,0,5,0,1,0,17,False,True,0,0,0,0,199,3.37,1364,782,1858,2128,Not available because of DECO,UNAVAILABLE_SENSOR_DATA,0,0,0
2250,5.5,3,6,1.34,0.86,0,5,0,1,0,17,False,True,0,0,0,0,199,3.37,1364,782,1858,2120,Not available because of DECO,UNAVAILABLE_SENSOR_DATA,0,0,0
2252,6.2,3,6,1.39,0.86,0,5,0,1,0,17,False,True,0,0,0,0,199,3.37,1364,784,1858,2120,Not available because of DECO,UNAVAILABLE_SENSOR_DATA,0,0,0
2254,6.8,3,6,1.45,0.86,0,5,0,1,0,17,False,True,0,0,0,0,199,3.38,1364,784,1858,2120,Not available because of DECO,UNAVAILABLE_SENSOR_DATA,0,0,0
2256,7.3,3,6,1.49,0.86,0,5,0,1,0,17,False,True,0,0,0,0,199,3.38,1364,784,1860,2116,Not available because of DECO,UNAVAILABLE_SENSOR_DATA,0,0,0
2258,7.9,3,6,1.54,0.86,0,5,0,1,0,17,False,True,0,0,0,0,199,3.38,1364,784,1860,2116,Not available because of DECO,UNAVAILABLE_SENSOR_DATA,0,0,0
2260,8.400001,3,6,1.59,0.86,0,5,0,1,0,17,False,True,0,0,0,0,199,3.38,1364,784,1860,2100,Not available because of DECO,UNAVAILABLE_SENSOR_DATA,0,0,0
2262,9.1,3,7,1.64,0.86,0,5,0,1,0,17,False,True,0,0,0,0,199,3.38,1364,784,1860,2100,Not available because of DECO,UNAVAILABLE_SENSOR_DATA,0,0,0
2264,9.900001,3,7,1.71,0.86,0,5,0,1,0,18,False,True,0,0,0,0,199,3.39,1362,784,1860,2100,Not available because of DECO,UNAVAILABLE_SENSOR_DATA,0,0,0
2266,10.5,3,7,1.76,0.86,0,5,0,1,0,17,False,True,0,0,0,0,199,3.39,1362,782,1860,2090,Not available because of DECO,UNAVAILABLE_SENSOR_DATA,0,0,0
2268,10.8,3,6,1.79,0.86,0,4,0,1,0,17,False,True,0,0,0,0,199,3.39,1364,782,1860,2090,Not available because of DECO,UNAVAILABLE_SENSOR_DATA,0,0,0
2270,11.2,3,6,1.82,0.86,0,4,0,1,0,18,False,True,0,0,0,0,199,3.39,1364,782,1860,2070,Not available because of DECO,UNAVAILABLE_SENSOR_DATA,0,0,0
2272,11.6,3,6,1.85,0.86,0,4,0,1,0,17,False,True,0,0,0,0,199,3.39,1364,782,1860,2070,Not available because of DECO,UNAVAILABLE_SENSOR_DATA,0,0,0
2274,11.5,3,6,1.85,0.86,0,4,0,1,0,17,False,True,0,0,0,0,199,3.39,1362,782,1860,2070,Not available because of DECO,UNAVAILABLE_SENSOR_DATA,0,0,0
2276,11.7,3,6,1.86,0.86,0,4,0,1,0,18,False,True,0,0,0,0,199,3.39,1362,782,1860,2058,Not available because of DECO,UNAVAILABLE_SENSOR_DATA,0,0,0
2278,11.7,3,6,1.86,0.86,0,4,0,1,0,17,False,True,0,0,0,0,199,3.39,1362,782,1860,2058,Not available because of DECO,UNAVAILABLE_SENSOR_DATA,0,0,0
2280,11.3,3,6,1.83,0.86,0,4,0,1,0,18,False,True,0,0,0,0,199,3.39,1362,782,1860,2052,Not available because of DECO,UNAVAILABLE_SENSOR_DATA,0,0,0
2282,10.9,3,6,1.8,0.86,0,4,0,1,0,18,False,True,0,0,0,0,199,3.38,1362,784,1860,2052,Not available because of DECO,UNAVAILABLE_SENSOR_DATA,0,0,0
2284,10.8,3,6,1.79,0.86,0,4,0,1,0,18,False,True,0,0,0,0,200,3.38,1362,784,1860,2052,Not available because of DECO,UNAVAILABLE_SENSOR_DATA,0,0,0
2286,10.5,3,6,1.76,0.86,0,4,0,1,0,18,False,True,0,0,0,0,200,3.38,1362,784,1860,2038,Not available because of DECO,UNAVAILABLE_SENSOR_DATA,0,0,0
2288,10.3,3,6,1.75,0.86,0,4,0,1,0,18,False,True,0,0,0,0,199,3.38,1362,784,1860,2038,Not available because of DECO,UNAVAILABLE_SENSOR_DATA,0,0,0
2290,9.900001,3,6,1.71,0.86,0,4,0,1,0,18,False,True,0,0,0,0,199,3.38,1362,784,1860,2030,Not available because of DECO,UNAVAILABLE_SENSOR_DATA,0,0,0
2292,9.5,3,6,1.68,0.86,0,4,0,1,0,18,False,True,0,0,0,0,199,3.39,1362,784,1860,2030,Not available because of DECO,UNAVAILABLE_SENSOR_DATA,0,0,0
2294,9.3,3,6,1.66,0.86,0,4,0,1,0,18,False,True,0,0,0,0,199,3.39,1362,784,1860,2030,Not available because of DECO,UNAVAILABLE_SENSOR_DATA,0,0,0
2296,9.1,3,6,1.64,0.86,0,4,0,1,0,18,False,True,0,0,0,0,199,3.39,1362,782,1860,2024,Not available because of DECO,UNAVAILABLE_SENSOR_DATA,0,0,0
2298,9,3,6,1.63,0.86,0,4,0,1,0,18,False,True,0,0,0,0,199,3.38,1362,782,1860,2024,Not available because of DECO,UNAVAILABLE_SENSOR_DATA,0,0,0
2300,8.8,3,6,1.62,0.86,0,4,0,1,0,18,False,True,0,0,0,0,199,3.38,1362,782,1862,2018,Not available because of DECO,0.3,0,0,0
2302,8.7,3,6,1.61,0.86,0,4,0,1,0,18,False,True,0,0,0,0,199,3.38,1362,784,1862,2018,Not available because of DECO,0.3,0,0,0
2304,9,3,6,1.63,0.86,0,4,0,1,0,18,False,True,0,0,0,0,200,3.38,1364,784,1862,2018,Not available because of DECO,0.3,0,0,0
2306,9.3,3,6,1.66,0.86,0,4,0,1,0,18,False,True,0,0,0,0,199,3.38,1364,782,1860,2008,Not available because of DECO,UNAVAILABLE_SENSOR_DATA,0,0,0
2308,9.6,3,6,1.68,0.86,0,4,0,1,0,18,False,True,0,0,0,0,199,3.38,1364,782,1860,2008,Not available because of DECO,UNAVAILABLE_SENSOR_DATA,0,0,0
2310,9.8,3,6,1.7,0.86,0,4,0,1,0,18,False,True,0,0,0,0,199,3.38,1364,782,1860,2000,Not available because of DECO,UNAVAILABLE_SENSOR_DATA,0,0,0
2312,9.7,3,6,1.69,0.86,0,4,0,1,0,18,False,True,0,0,0,0,200,3.38,1364,784,1860,2000,Not available because of DECO,UNAVAILABLE_SENSOR_DATA,0,0,0
2314,9.5,3,6,1.68,0.86,0,4,0,1,0,18,False,True,0,0,0,0,200,3.38,1364,784,1860,2000,Not available because of DECO,UNAVAILABLE_SENSOR_DATA,0,0,0
2316,9.7,3,6,1.69,0.86,0,4,0,1,0,18,False,True,0,0,0,0,199,3.38,1364,784,1862,1988,Not available because of DECO,UNAVAILABLE_SENSOR_DATA,0,0,0
2318,9.7,3,6,1.7,0.86,0,4,0,1,0,18,False,True,0,0,0,0,199,3.38,1364,784,1862,1988,Not available because of DECO,UNAVAILABLE_SENSOR_DATA,0,0,0
2320,9.8,3,6,1.7,0.86,0,4,0,1,0,18,False,True,0,0,0,0,199,3.38,1364,784,1862,1976,Not available because of DECO,UNAVAILABLE_SENSOR_DATA,0,0,0
2322,9.8,3,6,1.7,0.86,0,4,0,1,0,18,False,True,0,0,0,0,199,3.38,1364,784,1862,1976,Not available because of DECO,UNAVAILABLE_SENSOR_DATA,0,0,0
2324,9.7,3,6,1.69,0.86,0,4,0,1,0,18,False,True,0,0,0,0,199,3.38,1364,784,1862,1976,Not available because of DECO,UNAVAILABLE_SENSOR_DATA,0,0,0
2326,9.6,3,6,1.69,0.86,0,4,0,1,0,18,False,True,0,0,0,0,199,3.38,1364,780,1862,1974,Not available because of DECO,UNAVAILABLE_SENSOR_DATA,0,0,0
2328,9.1,3,6,1.64,0.86,0,4,0,1,0,18,False,True,0,0,0,0,199,3.38,1364,780,1862,1974,Not available because of DECO,UNAVAILABLE_SENSOR_DATA,0,0,0
2330,8.6,3,6,1.6,0.86,0,4,0,1,0,18,False,True,0,0,0,0,199,3.37,1364,780,1862,1960,Not available because of DECO,1.14,0,0,0
2332,8.2,3,5,1.57,0.86,0,4,0,1,0,18,False,True,0,0,0,0,199,3.37,1364,780,1862,1960,Not available because of DECO,1.14,0,0,0
2334,8.1,3,5,1.56,0.86,0,4,0,1,0,18,False,True,0,0,0,0,200,3.37,1364,780,1862,1960,Not available because of DECO,1.14,0,0,0
2336,7.8,3,5,1.54,0.86,0,4,0,1,0,18,False,True,0,0,0,0,199,3.38,1364,780,1862,1956,Not available because of DECO,1.13,0,0,0
2338,7.8,3,5,1.53,0.86,0,4,0,1,0,18,False,True,0,0,0,0,199,3.38,1364,780,1862,1956,Not available because of DECO,1.13,0,0,0
2340,7.8,3,5,1.53,0.86,0,4,0,1,0,18,False,True,0,0,0,0,199,3.38,1364,780,1862,1948,Not available because of DECO,0.56,0,0,0
2342,7.8,3,5,1.53,0.86,0,4,0,1,0,18,False,True,0,0,0,0,199,3.38,1364,780,1862,1948,Not available because of DECO,0.56,0,0,0
2344,7.6,3,5,1.52,0.86,0,4,0,1,0,18,False,True,0,0,0,0,200,3.38,1364,780,1862,1948,Not available because of DECO,0.56,0,0,0
2346,7.5,3,5,1.51,0.86,0,4,0,1,0,18,False,True,0,0,0,0,199,3.37,1364,782,1864,1942,Not available because of DECO,0.55,0,0,0
2348,7.5,3,5,1.51,0.86,0,4,0,1,0,18,False,True,0,0,0,0,199,3.38,1364,782,1864,1942,Not available because of DECO,0.55,0,0,0
2350,7.6,3,4,1.51,0.86,0,3,0,1,0,18,False,True,0,0,0,0,199,3.38,1364,782,1864,1932,Not available because of DECO,UNAVAILABLE_SENSOR_DATA,0,0,0
2352,7.6,3,4,1.51,0.86,0,3,0,1,0,18,False,True,0,0,0,0,199,3.39,1364,780,1864,1932,Not available because of DECO,UNAVAILABLE_SENSOR_DATA,0,0,0
2354,7.4,3,4,1.5,0.86,0,3,0,1,0,18,False,True,0,0,0,0,199,3.39,1364,780,1864,1932,Not available because of DECO,UNAVAILABLE_SENSOR_DATA,0,0,0
2356,7.3,3,4,1.49,0.86,0,3,0,1,0,18,False,True,0,0,0,0,199,3.39,1364,780,1862,1930,Not available because of DECO,1.09,0,0,0
2358,7.1,3,4,1.47,0.86,0,3,0,1,0,18,False,True,0,0,0,0,199,3.38,1364,780,1862,1930,Not available because of DECO,1.09,0,0,0
2360,7.2,3,4,1.48,0.86,0,3,0,1,0,18,False,True,0,0,0,0,199,3.38,1364,780,1862,1922,Not available because of DECO,1.08,0,0,0
2362,7.3,3,4,1.49,0.86,0,3,0,1,0,18,False,True,0,0,0,0,200,3.38,1364,780,1862,1922,Not available because of DECO,1.08,0,0,0
2364,7.5,3,4,1.5,0.86,0,3,0,1,0,18,False,True,0,0,0,0,199,3.38,1364,780,1862,1922,Not available because of DECO,1.08,0,0,0
2366,7.5,3,4,1.51,0.86,0,3,0,1,0,18,False,True,0,0,0,0,199,3.38,1364,782,1862,1914,Not available because of DECO,1.06,0,0,0
2368,7.4,3,4,1.5,0.86,0,3,0,1,0,18,False,True,0,0,0,0,199,3.38,1364,782,1862,1914,Not available because of DECO,1.06,0,0,0
2370,7.5,3,4,1.51,0.86,0,3,0,1,0,18,False,True,0,0,0,0,199,3.38,1364,782,1862,1906,Not available because of DECO,0.53,0,0,0
2372,7.6,3,4,1.52,0.86,0,3,0,1,0,18,False,True,0,0,0,0,199,3.38,1364,780,1862,1906,Not available because of DECO,0.53,0,0,0
2374,7.7,3,4,1.53,0.86,0,3,0,1,0,18,False,True,0,0,0,0,199,3.38,1364,780,1862,1906,Not available because of DECO,0.53,0,0,0
2376,7.6,3,4,1.52,0.86,0,3,0,1,0,18,False,True,0,0,0,0,199,3.38,1364,780,1862,1892,Not available because of DECO,1.59,0,0,0
2378,7.8,3,4,1.53,0.86,0,3,0,1,0,18,False,True,0,0,0,0,199,3.38,1364,780,1862,1892,Not available because of DECO,1.59,0,0,0
2380,7.9,3,4,1.54,0.86,0,3,0,1,0,18,False,True,0,0,0,0,199,3.38,1364,780,1864,1888,Not available because of DECO,1.06,0,0,0
2382,8.1,3,4,1.56,0.86,0,3,0,1,0,18,False,True,0,0,0,0,200,3.38,1364,780,1864,1888,Not available because of DECO,1.06,0,0,0
2384,8.1,3,4,1.56,0.86,0,3,0,1,0,18,False,True,0,0,0,0,199,3.39,1364,780,1864,1888,Not available because of DECO,1.06,0,0,0
2386,8.2,3,4,1.57,0.86,0,3,0,1,0,18,False,True,0,0,0,0,199,3.38,1364,780,1862,1880,Not available because of DECO,1.06,0,0,0
2388,8.1,3,4,1.56,0.86,0,3,0,1,0,18,False,True,0,0,0,0,199,3.38,1364,780,1862,1880,Not available because of DECO,1.06,0,0,0
2390,8.1,3,4,1.56,0.86,0,3,0,1,0,18,False,True,0,0,0,0,199,3.37,1364,780,1862,1870,Not available because of DECO,0.53,0,0,0
2392,8.2,3,4,1.56,0.86,0,3,0,1,0,18,False,True,0,0,0,0,200,3.37,1364,782,1862,1870,Not available because of DECO,0.53,0,0,0
2394,8.1,3,4,1.56,0.86,0,3,0,1,0,18,False,True,0,0,0,0,199,3.38,1364,782,1862,1870,Not available because of DECO,0.53,0,0,0
2396,8,3,4,1.55,0.86,0,3,0,1,0,18,False,True,0,0,0,0,199,3.38,1364,780,1864,1866,Not available because of DECO,UNAVAILABLE_SENSOR_DATA,0,0,0
2398,8.1,3,4,1.56,0.86,0,3,0,1,0,18,False,True,0,0,0,0,199,3.39,1364,780,1864,1866,Not available because of DECO,UNAVAILABLE_SENSOR_DATA,0,0,0
2400,8.2,3,4,1.57,0.86,0,3,0,1,0,18,False,True,0,0,0,0,199,3.39,1364,780,1864,1862,Not available because of DECO,0.54,0,0,0
2402,7.9,3,4,1.54,0.86,0,3,0,1,0,18,False,True,0,0,0,0,199,3.39,1364,780,1864,1862,Not available because of DECO,0.54,0,0,0
2404,8,3,3,1.55,0.86,0,2,0,1,0,18,False,True,0,0,0,0,199,3.39,1364,780,1864,1862,Not available because of DECO,0.54,0,0,0
2406,8.2,3,3,1.56,0.86,0,2,0,1,0,18,False,True,0,0,0,0,199,3.39,1364,782,1864,1854,Not available because of DECO,1.08,0,0,0
2408,8.2,3,3,1.56,0.86,0,2,0,1,0,18,False,True,0,0,0,0,199,3.39,1364,782,1864,1854,Not available because of DECO,1.08,0,0,0
2410,8,3,3,1.55,0.86,0,2,0,1,0,18,False,True,0,0,0,0,199,3.39,1364,782,1864,1842,Not available because of DECO,0.54,0,0,0
2412,8,3,3,1.55,0.86,0,2,0,1,0,18,False,True,0,0,0,0,199,3.39,1364,780,1864,1842,Not available because of DECO,0.54,0,0,0
2414,8.3,3,3,1.57,0.86,0,2,0,1,0,18,False,True,0,0,0,0,199,3.4,1364,780,1864,1842,Not available because of DECO,0.54,0,0,0
2416,7.9,3,3,1.55,0.86,0,2,0,1,0,18,False,True,0,0,0,0,199,3.4,1364,780,1864,1842,Not available because of DECO,1.09,0,0,0
2418,8.1,3,3,1.55,0.86,0,2,0,1,0,18,False,True,0,0,0,0,199,3.4,1364,782,1864,1842,Not available because of DECO,1.09,0,0,0
2420,8.400001,3,3,1.57,0.86,0,2,0,1,0,18,False,True,0,0,0,0,199,3.39,1364,782,1864,1842,Not available because of DECO,1.09,0,0,0
2422,8.400001,3,3,1.58,0.86,0,2,0,1,0,18,False,True,0,0,0,0,199,3.39,1364,782,1864,1840,Not available because of DECO,UNAVAILABLE_SENSOR_DATA,0,0,0
2424,8.400001,3,3,1.58,0.86,0,2,0,1,0,18,False,True,0,0,0,0,199,3.39,1364,782,1864,1840,Not available because of DECO,UNAVAILABLE_SENSOR_DATA,0,0,0
2426,8.6,3,3,1.6,0.86,0,2,0,1,0,18,False,True,0,0,0,0,199,3.39,1364,782,1864,1836,Not available because of DECO,0.55,0,0,0
2428,8.400001,3,3,1.59,0.86,0,2,0,1,0,18,False,True,0,0,0,0,199,3.39,1364,782,1864,1836,Not available because of DECO,0.55,0,0,0
2430,8.400001,3,3,1.59,0.86,0,2,0,1,0,18,False,True,0,0,0,0,199,3.39,1364,782,1864,1836,Not available because of DECO,0.55,0,0,0
2432,8.3,3,3,1.57,0.86,0,2,0,1,0,18,False,True,0,0,0,0,199,3.39,1364,782,1864,1820,Not available because of DECO,UNAVAILABLE_SENSOR_DATA,0,0,0
2434,8.6,3,3,1.58,0.86,0,2,0,1,0,18,False,True,0,0,0,0,199,3.39,1364,780,1864,1820,Not available because of DECO,UNAVAILABLE_SENSOR_DATA,0,0,0
2436,8.8,3,3,1.62,0.86,0,2,0,1,0,18,False,True,0,0,0,0,199,3.38,1364,780,1864,1810,Not available because of DECO,1.1,0,0,0
2438,9,3,4,1.63,0.86,0,2,0,1,0,18,False,True,0,0,0,0,199,3.38,1364,780,1864,1810,Not available because of DECO,1.1,0,0,0
2440,9.1,3,4,1.64,0.86,0,2,0,1,0,18,False,True,0,0,0,0,199,3.38,1364,780,1864,1810,Not available because of DECO,1.1,0,0,0
2442,9.6,3,4,1.68,0.86,0,2,0,1,0,18,False,True,0,0,0,0,199,3.39,1364,780,1864,1800,Not available because of DECO,1.1,0,0,0
2444,9.2,3,4,1.67,0.86,0,2,0,1,0,18,False,True,0,0,0,0,200,3.39,1364,782,1864,1800,Not available because of DECO,1.1,0,0,0
2446,8.900001,3,4,1.63,0.86,0,2,0,1,0,18,False,True,0,0,0,0,199,3.39,1364,782,1864,1794,Not available because of DECO,0.55,0,0,0
2448,9,3,4,1.63,0.86,0,2,0,1,0,18,False,True,0,0,0,0,199,3.39,1364,780,1864,1794,Not available because of DECO,0.55,0,0,0
2450,8.8,3,4,1.63,0.86,0,2,0,1,0,18,False,True,0,0,0,0,199,3.39,1364,780,1862,1794,Not available because of DECO,0.55,0,0,0
2452,8.5,3,4,1.6,0.86,0,2,0,1,0,18,False,True,0,0,0,0,199,3.39,1364,780,1862,1778,Not available because of DECO,UNAVAILABLE_SENSOR_DATA,0,0,0
2454,8.3,3,3,1.58,0.86,0,2,0,1,0,18,False,True,0,0,0,0,199,3.39,1364,782,1862,1778,Not available because of DECO,UNAVAILABLE_SENSOR_DATA,0,0,0
2456,8.1,3,3,1.57,0.86,0,2,0,1,0,18,False,True,0,0,0,0,199,3.39,1364,782,1862,1770,Not available because of DECO,UNAVAILABLE_SENSOR_DATA,0,0,0
2458,8.1,3,3,1.56,0.86,0,2,0,1,0,18,False,True,0,0,0,0,199,3.39,1364,782,1862,1770,Not available because of DECO,UNAVAILABLE_SENSOR_DATA,0,0,0
2460,7.9,3,3,1.55,0.86,0,2,0,1,0,18,False,True,0,0,0,0,199,3.39,1364,782,1862,1770,Not available because of DECO,UNAVAILABLE_SENSOR_DATA,0,0,0
2462,8,3,3,1.55,0.86,0,2,0,1,0,18,False,True,0,0,0,0,200,3.39,1364,782,1862,1762,Not available because of DECO,UNAVAILABLE_SENSOR_DATA,0,0,0
2464,8.1,3,3,1.55,0.86,0,2,0,1,0,18,False,True,0,0,0,0,199,3.39,1364,782,1862,1762,Not available because of DECO,UNAVAILABLE_SENSOR_DATA,0,0,0
2466,8.1,3,2,1.56,0.86,0,1,0,1,0,18,False,True,0,0,0,0,199,3.39,1364,782,1864,1762,Not available because of DECO,UNAVAILABLE_SENSOR_DATA,0,0,0
2468,8.1,3,2,1.56,0.86,0,1,0,1,0,18,False,True,0,0,0,0,199,3.38,1364,782,1864,1762,Not available because of DECO,UNAVAILABLE_SENSOR_DATA,0,0,0
2470,8,3,2,1.56,0.86,0,1,0,1,0,18,False,True,0,0,0,0,199,3.38,1364,782,1864,1762,Not available because of DECO,UNAVAILABLE_SENSOR_DATA,0,0,0
2472,8,3,2,1.55,0.86,0,1,0,1,0,18,False,True,0,0,0,0,200,3.39,1364,782,1864,1750,Not available because of DECO,UNAVAILABLE_SENSOR_DATA,0,0,0
2474,8,3,2,1.55,0.86,0,1,0,1,0,18,False,True,0,0,0,0,199,3.39,1364,782,1864,1750,Not available because of DECO,UNAVAILABLE_SENSOR_DATA,0,0,0
2476,8.1,3,2,1.56,0.86,0,1,0,1,0,18,False,True,0,0,0,0,199,3.39,1364,782,1864,1746,Not available because of DECO,UNAVAILABLE_SENSOR_DATA,0,0,0
2478,8.2,3,2,1.57,0.86,0,1,0,1,0,18,False,True,0,0,0,0,199,3.39,1364,782,1864,1746,Not available because of DECO,UNAVAILABLE_SENSOR_DATA,0,0,0
2480,8,3,2,1.55,0.86,0,1,0,1,0,18,False,True,0,0,0,0,199,3.39,1364,782,1864,1746,Not available because of DECO,UNAVAILABLE_SENSOR_DATA,0,0,0
2482,7.6,3,2,1.52,0.86,0,1,0,1,0,18,False,True,0,0,0,0,199,3.38,1364,782,1864,1738,Not available because of DECO,UNAVAILABLE_SENSOR_DATA,0,0,0
2484,7.4,3,2,1.51,0.86,0,1,0,1,0,18,False,True,0,0,0,0,199,3.39,1364,780,1864,1738,Not available because of DECO,UNAVAILABLE_SENSOR_DATA,0,0,0
2486,7.5,3,2,1.5,0.86,0,1,0,1,0,18,False,True,0,0,0,0,199,3.39,1364,780,1866,1734,Not available because of DECO,UNAVAILABLE_SENSOR_DATA,0,0,0
2488,7.6,3,2,1.52,0.86,0,1,0,1,0,18,False,True,0,0,0,0,199,3.4,1364,782,1866,1734,Not available because of DECO,UNAVAILABLE_SENSOR_DATA,0,0,0
2490,7.6,3,2,1.51,0.86,0,1,0,1,0,18,False,True,0,0,0,0,199,3.4,1364,782,1864,1734,Not available because of DECO,UNAVAILABLE_SENSOR_DATA,0,0,0
2492,7.7,3,2,1.52,0.86,0,1,0,1,0,18,False,True,0,0,0,0,200,3.4,1364,782,1864,1734,Not available because of DECO,UNAVAILABLE_SENSOR_DATA,0,0,0
2494,7.9,3,2,1.53,0.86,0,1,0,1,0,18,False,True,0,0,0,0,199,3.4,1364,780,1864,1734,Not available because of DECO,UNAVAILABLE_SENSOR_DATA,0,0,0
2496,7.8,3,2,1.54,0.86,0,1,0,1,0,18,False,True,0,0,0,0,199,3.39,1364,780,1864,1722,Not available because of DECO,UNAVAILABLE_SENSOR_DATA,0,0,0
2498,7.8,3,2,1.53,0.86,0,1,0,1,0,18,False,True,0,0,0,0,199,3.38,1364,780,1864,1722,Not available because of DECO,UNAVAILABLE_SENSOR_DATA,0,0,0
2500,8,3,2,1.55,0.86,0,1,0,1,0,18,False,True,0,0,0,0,199,3.38,1364,780,1864,1722,Not available because of DECO,UNAVAILABLE_SENSOR_DATA,0,0,0
2502,8.1,3,2,1.56,0.86,0,1,0,1,0,18,False,True,0,0,0,0,199,3.39,1364,780,1864,1718,Not available because of DECO,UNAVAILABLE_SENSOR_DATA,0,0,0
2504,8.1,3,2,1.56,0.86,0,1,0,1,0,18,False,True,0,0,0,0,199,3.39,1364,782,1864,1718,Not available because of DECO,UNAVAILABLE_SENSOR_DATA,0,0,0
2506,8.2,3,2,1.56,0.86,0,1,0,1,0,18,False,True,0,0,0,0,199,3.39,1364,782,1864,1722,Not available because of DECO,UNAVAILABLE_SENSOR_DATA,0,0,0
2508,8.2,3,2,1.57,0.86,0,1,0,1,0,18,False,True,0,0,0,0,199,3.39,1364,782,1864,1722,Not available because of DECO,UNAVAILABLE_SENSOR_DATA,0,0,0
2510,8,3,2,1.56,0.86,0,1,0,1,0,18,False,True,0,0,0,0,199,3.39,1364,782,1864,1722,Not available because of DECO,UNAVAILABLE_SENSOR_DATA,0,0,0
2512,7.8,3,2,1.53,0.86,0,1,0,1,0,18,False,True,0,0,0,0,199,3.38,1364,782,1864,1710,Not available because of DECO,UNAVAILABLE_SENSOR_DATA,0,0,0
2514,8,3,2,1.55,0.86,0,1,0,1,0,18,False,True,0,0,0,0,199,3.38,1364,780,1864,1710,Not available because of DECO,UNAVAILABLE_SENSOR_DATA,0,0,0
2516,7.9,3,2,1.55,0.86,0,1,0,1,0,18,False,True,0,0,0,0,199,3.39,1364,780,1864,1712,Not available because of DECO,0.55,0,0,0
2518,7.7,3,2,1.53,0.86,0,1,0,1,0,18,False,True,0,0,0,0,199,3.39,1364,782,1864,1712,Not available because of DECO,0.55,0,0,0
2520,7.7,3,2,1.53,0.86,0,1,0,1,0,18,False,True,0,0,0,0,199,3.39,1364,782,1866,1712,Not available because of DECO,0.55,0,0,0
2522,7.7,3,2,1.53,0.86,0,1,0,1,0,18,False,True,0,0,0,0,199,3.39,1364,782,1866,1704,Not available because of DECO,UNAVAILABLE_SENSOR_DATA,0,0,0
2524,7.5,3,2,1.51,0.86,0,1,0,1,0,18,False,True,0,0,0,0,199,3.39,1364,782,1866,1704,Not available because of DECO,UNAVAILABLE_SENSOR_DATA,0,0,0
2526,7.5,3,2,1.51,0.86,0,1,0,1,0,18,False,True,0,0,0,0,199,3.39,1364,782,1864,1698,Not available because of DECO,UNAVAILABLE_SENSOR_DATA,0,0,0
2528,7.5,3,2,1.51,0.86,0,1,0,1,0,18,False,True,0,0,0,0,199,3.38,1364,782,1864,1698,Not available because of DECO,UNAVAILABLE_SENSOR_DATA,0,0,0
2530,7.5,0,1,1.51,0.86,0,0,99,1,0,18,False,True,0,0,0,0,199,3.38,1364,782,1864,1698,Not available because of DECO,UNAVAILABLE_SENSOR_DATA,0,0,0
2532,7.4,0,1,1.5,0.86,0,0,99,1,0,18,False,True,0,0,0,0,200,3.38,1364,782,1864,1694,N/A,UNAVAILABLE_SENSOR_DATA,0,0,0
2534,7.6,0,1,1.51,0.86,0,0,99,1,0,18,False,True,0,0,0,0,199,3.38,1364,782,1864,1694,N/A,UNAVAILABLE_SENSOR_DATA,0,0,0
2536,7.5,0,1,1.52,0.86,0,0,99,1,0,18,False,True,0,0,0,0,199,3.38,1364,782,1864,1692,N/A,UNAVAILABLE_SENSOR_DATA,0,0,0
2538,7.3,0,1,1.49,0.86,0,0,99,1,0,18,False,True,0,0,0,0,199,3.39,1364,782,1864,1692,N/A,UNAVAILABLE_SENSOR_DATA,0,0,0
2540,7.3,0,1,1.49,0.86,0,0,99,1,0,18,False,True,0,0,0,0,199,3.39,1364,780,1864,1692,N/A,UNAVAILABLE_SENSOR_DATA,0,0,0
2542,7.2,0,1,1.48,0.86,0,0,99,1,0,18,False,True,0,0,0,0,199,3.38,1364,780,1864,1692,N/A,0.55,0,0,0
2544,7.2,0,1,1.49,0.86,0,0,99,1,0,18,False,True,0,0,0,0,199,3.38,1364,782,1864,1692,N/A,0.55,0,0,0
2546,7.2,0,1,1.48,0.86,0,0,99,1,0,18,False,True,0,0,0,0,199,3.38,1364,782,1864,1684,N/A,UNAVAILABLE_SENSOR_DATA,0,0,0
2548,7.2,0,1,1.48,0.86,0,0,99,1,0,18,False,True,0,0,0,0,199,3.39,1364,782,1864,1684,N/A,UNAVAILABLE_SENSOR_DATA,0,0,0
2550,7.5,0,1,1.5,0.86,0,0,99,1,0,18,False,True,0,0,0,0,200,3.39,1364,782,1864,1684,N/A,UNAVAILABLE_SENSOR_DATA,0,0,0
2552,7.5,0,1,1.51,0.86,0,0,99,1,0,18,False,True,0,0,0,0,200,3.39,1364,782,1864,1678,N/A,UNAVAILABLE_SENSOR_DATA,0,0,0
2554,7.7,0,1,1.52,0.86,0,0,99,1,0,18,False,True,0,0,0,0,199,3.39,1364,780,1864,1678,N/A,UNAVAILABLE_SENSOR_DATA,0,0,0
2556,7.6,0,1,1.52,0.86,0,0,99,1,0,18,False,True,0,0,0,0,199,3.38,1364,780,1864,1670,N/A,UNAVAILABLE_SENSOR_DATA,0,0,0
2558,7.8,0,1,1.53,0.86,0,0,99,1,0,18,False,True,0,0,0,0,199,3.38,1364,780,1864,1670,N/A,UNAVAILABLE_SENSOR_DATA,0,0,0
2560,7.7,0,1,1.52,0.86,0,0,99,1,0,18,False,True,0,0,0,0,199,3.38,1364,780,1864,1670,N/A,UNAVAILABLE_SENSOR_DATA,0,0,0
2562,7.9,0,1,1.54,0.86,0,0,99,1,0,18,False,True,0,0,0,0,199,3.38,1364,780,1864,1666,N/A,UNAVAILABLE_SENSOR_DATA,0,0,0
2564,7.9,0,1,1.54,0.86,0,0,99,1,0,18,False,True,0,0,0,0,199,3.39,1364,782,1864,1666,N/A,UNAVAILABLE_SENSOR_DATA,0,0,0
2566,7.9,0,1,1.55,0.86,0,0,99,1,0,18,False,True,0,0,0,0,199,3.39,1364,782,1864,1660,N/A,UNAVAILABLE_SENSOR_DATA,0,0,0
2568,8,0,1,1.55,0.86,0,0,99,1,0,18,False,True,0,0,0,0,199,3.39,1364,782,1864,1660,N/A,UNAVAILABLE_SENSOR_DATA,0,0,0
2570,7.9,0,1,1.55,0.86,0,0,99,1,0,18,False,True,0,0,0,0,200,3.38,1364,782,1864,1660,N/A,UNAVAILABLE_SENSOR_DATA,0,0,0
2572,8,0,1,1.54,0.86,0,0,99,1,0,18,False,True,0,0,0,0,199,3.38,1364,782,1864,1654,N/A,UNAVAILABLE_SENSOR_DATA,0,0,0
2574,7.9,0,1,1.54,0.86,0,0,99,1,0,18,False,True,0,0,0,0,199,3.37,1364,782,1864,1654,N/A,UNAVAILABLE_SENSOR_DATA,0,0,0
2576,8,0,1,1.55,0.86,0,0,99,1,0,18,False,True,0,0,0,0,199,3.37,1364,782,1864,1646,N/A,UNAVAILABLE_SENSOR_DATA,0,0,0
2578,8,0,1,1.55,0.86,0,0,99,1,0,18,False,True,0,0,0,0,199,3.37,1364,782,1864,1646,N/A,UNAVAILABLE_SENSOR_DATA,0,0,0
2580,8.2,0,1,1.56,0.86,0,0,99,1,0,18,False,True,0,0,0,0,200,3.37,1364,782,1864,1646,N/A,UNAVAILABLE_SENSOR_DATA,0,0,0
2582,8.1,0,1,1.56,0.86,0,0,99,1,0,18,False,True,0,0,0,0,199,3.37,1364,782,1864,1638,N/A,UNAVAILABLE_SENSOR_DATA,0,0,0
2584,8.1,0,1,1.56,0.86,0,0,99,1,0,18,False,True,0,0,0,0,199,3.37,1364,782,1864,1638,N/A,UNAVAILABLE_SENSOR_DATA,0,0,0
2586,8,0,1,1.55,0.86,0,0,99,1,0,18,False,True,0,0,0,0,199,3.37,1364,782,1864,1640,N/A,UNAVAILABLE_SENSOR_DATA,0,0,0
2588,7.9,0,1,1.54,0.86,0,0,99,1,0,18,False,True,0,0,0,0,199,3.37,1364,782,1864,1640,N/A,UNAVAILABLE_SENSOR_DATA,0,0,0
2590,7.8,0,1,1.54,0.86,0,0,99,1,0,18,False,True,0,0,0,0,199,3.37,1364,782,1866,1640,N/A,UNAVAILABLE_SENSOR_DATA,0,0,0
2592,7.8,0,1,1.53,0.86,0,0,99,1,0,18,False,True,0,0,0,0,199,3.38,1364,782,1866,1632,N/A,UNAVAILABLE_SENSOR_DATA,0,0,0
2594,7.9,0,1,1.54,0.86,0,0,99,1,0,18,False,True,0,0,0,0,199,3.39,1364,782,1866,1632,N/A,UNAVAILABLE_SENSOR_DATA,0,0,0
2596,7.6,0,1,1.52,0.86,0,0,99,1,0,18,False,True,0,0,0,0,199,3.39,1364,782,1864,1626,N/A,UNAVAILABLE_SENSOR_DATA,0,0,0
2598,7.7,0,1,1.53,0.86,0,0,99,1,0,18,False,True,0,0,0,0,199,3.39,1364,782,1864,1626,N/A,UNAVAILABLE_SENSOR_DATA,0,0,0
2600,8,0,1,1.54,0.86,0,0,99,1,0,18,False,True,0,0,0,0,199,3.38,1364,782,1864,1626,N/A,UNAVAILABLE_SENSOR_DATA,0,0,0
2602,7.9,0,1,1.55,0.86,0,0,99,1,0,18,False,True,0,0,0,0,199,3.38,1364,782,1864,1628,N/A,UNAVAILABLE_SENSOR_DATA,0,0,0
2604,7.6,0,1,1.51,0.86,0,0,99,1,0,18,False,True,0,0,0,0,199,3.38,1364,782,1864,1628,N/A,UNAVAILABLE_SENSOR_DATA,0,0,0
2606,7.9,0,1,1.53,0.86,0,0,99,1,0,18,False,True,0,0,0,0,199,3.38,1362,782,1864,1620,N/A,0.56,0,0,0
2608,7.9,0,1,1.55,0.86,0,0,99,1,0,18,False,True,0,0,0,0,199,3.38,1362,782,1864,1620,N/A,0.56,0,0,0
2610,7.9,0,1,1.55,0.86,0,0,99,1,0,18,False,True,0,0,0,0,200,3.39,1362,782,1864,1620,N/A,0.56,0,0,0
2612,7.9,0,1,1.54,0.86,0,0,99,1,0,18,False,True,0,0,0,0,199,3.39,1362,782,1864,1610,N/A,0.56,0,0,0
2614,7.9,0,1,1.54,0.86,0,0,99,1,0,18,False,True,0,0,0,0,199,3.39,1362,782,1864,1610,N/A,0.56,0,0,0
2616,7.6,0,1,1.52,0.86,0,0,99,1,0,18,False,True,0,0,0,0,199,3.38,1362,782,1864,1610,N/A,0.56,0,0,0
2618,7.9,0,1,1.54,0.86,0,0,99,1,0,18,False,True,0,0,0,0,199,3.38,1362,782,1864,1610,N/A,0.56,0,0,0
2620,8,0,1,1.55,0.86,0,0,99,1,0,18,False,True,0,0,0,0,199,3.38,1364,782,1862,1610,N/A,0.56,0,0,0
2622,8.1,0,1,1.57,0.86,0,0,99,1,0,18,False,True,0,0,0,0,199,3.39,1364,782,1862,1602,N/A,UNAVAILABLE_SENSOR_DATA,0,0,0
2624,7.6,0,1,1.52,0.86,0,0,99,1,0,18,False,True,0,0,0,0,199,3.39,1364,782,1862,1602,N/A,UNAVAILABLE_SENSOR_DATA,0,0,0
2626,7.7,0,1,1.52,0.86,0,0,99,1,0,18,False,True,0,0,0,0,199,3.39,1364,782,1866,1598,N/A,UNAVAILABLE_SENSOR_DATA,0,0,0
2628,7.7,0,1,1.53,0.86,0,0,99,1,0,18,False,True,0,0,0,0,199,3.39,1364,782,1866,1598,N/A,UNAVAILABLE_SENSOR_DATA,0,0,0
2630,7.7,0,1,1.52,0.86,0,0,99,1,0,18,False,True,0,0,0,0,199,3.39,1364,782,1864,1598,N/A,UNAVAILABLE_SENSOR_DATA,0,0,0
2632,8,0,1,1.54,0.86,0,0,99,1,0,18,False,True,0,0,0,0,199,3.38,1364,782,1864,1586,N/A,UNAVAILABLE_SENSOR_DATA,0,0,0
2634,8.1,0,1,1.57,0.86,0,0,99,1,0,18,False,True,0,0,0,0,199,3.39,1364,780,1864,1586,N/A,UNAVAILABLE_SENSOR_DATA,0,0,0
2636,7.8,0,1,1.53,0.86,0,0,99,1,0,18,False,True,0,0,0,0,199,3.38,1364,780,1864,1582,N/A,UNAVAILABLE_SENSOR_DATA,0,0,0
2638,8,0,1,1.54,0.86,0,0,99,1,0,18,False,True,0,0,0,0,199,3.38,1364,778,1864,1582,N/A,UNAVAILABLE_SENSOR_DATA,0,0,0
2640,8.1,0,1,1.56,0.86,0,0,99,1,0,18,False,True,0,0,0,0,200,3.38,1364,778,1864,1582,N/A,UNAVAILABLE_SENSOR_DATA,0,0,0
2642,8,0,1,1.56,0.86,0,0,99,1,0,18,False,True,0,0,0,0,199,3.38,1364,778,1864,1572,N/A,1.12,0,0,0
2644,8.1,0,1,1.56,0.86,0,0,99,1,0,18,False,True,0,0,0,0,199,3.38,1364,782,1864,1572,N/A,1.12,0,0,0
2646,8,0,1,1.55,0.86,0,0,99,1,0,18,False,True,0,0,0,0,199,3.38,1364,782,1864,1568,N/A,UNAVAILABLE_SENSOR_DATA,0,0,0
2648,8.3,0,1,1.57,0.86,0,0,99,1,0,18,False,True,0,0,0,0,200,3.38,1364,782,1864,1568,N/A,UNAVAILABLE_SENSOR_DATA,0,0,0
2650,8.3,0,1,1.58,0.86,0,0,99,1,0,18,False,True,0,0,0,0,199,3.38,1364,782,1864,1568,N/A,UNAVAILABLE_SENSOR_DATA,0,0,0
2652,8.2,0,1,1.57,0.86,0,0,99,1,0,18,False,True,0,0,0,0,199,3.38,1364,782,1864,1554,N/A,UNAVAILABLE_SENSOR_DATA,0,0,0
2654,8.2,0,1,1.57,0.86,0,0,99,1,0,18,False,True,0,0,0,0,199,3.39,1364,782,1864,1554,N/A,UNAVAILABLE_SENSOR_DATA,0,0,0
2656,8.6,0,1,1.6,0.86,0,0,99,1,0,18,False,True,0,0,0,0,199,3.39,1364,782,1866,1550,N/A,UNAVAILABLE_SENSOR_DATA,0,0,0
2658,8.7,0,1,1.61,0.86,0,0,99,1,0,18,False,True,0,0,0,0,199,3.39,1364,782,1866,1550,N/A,UNAVAILABLE_SENSOR_DATA,0,0,0
2660,8.5,0,1,1.59,0.86,0,0,99,1,0,18,False,True,0,0,0,0,199,3.39,1364,782,1864,1550,N/A,UNAVAILABLE_SENSOR_DATA,0,0,0
2662,8.5,0,1,1.59,0.86,0,0,99,1,0,18,False,True,0,0,0,0,199,3.38,1364,782,1864,1546,N/A,UNAVAILABLE_SENSOR_DATA,0,0,0
2664,8.5,0,1,1.59,0.86,0,0,99,1,0,18,False,True,0,0,0,0,199,3.38,1364,782,1864,1546,N/A,UNAVAILABLE_SENSOR_DATA,0,0,0
2666,8.7,0,1,1.61,0.86,0,0,99,1,0,18,False,True,0,0,0,0,200,3.38,1364,782,1864,1538,N/A,UNAVAILABLE_SENSOR_DATA,0,0,0
2668,8.5,0,1,1.59,0.86,0,0,99,1,0,18,False,True,0,0,0,0,199,3.38,1364,782,1864,1538,N/A,UNAVAILABLE_SENSOR_DATA,0,0,0
2670,8.6,0,1,1.6,0.86,0,0,99,1,0,18,False,True,0,0,0,0,199,3.38,1364,782,1864,1538,N/A,UNAVAILABLE_SENSOR_DATA,0,0,0
2672,8.6,0,1,1.6,0.86,0,0,99,1,0,18,False,True,0,0,0,0,199,3.38,1364,782,1864,1526,N/A,UNAVAILABLE_SENSOR_DATA,0,0,0
2674,8.6,0,1,1.6,0.86,0,0,99,1,0,18,False,True,0,0,0,0,199,3.38,1364,782,1864,1526,N/A,UNAVAILABLE_SENSOR_DATA,0,0,0
2676,8.7,0,1,1.61,0.86,0,0,99,1,0,18,False,True,0,0,0,0,199,3.38,1364,782,1864,1520,N/A,UNAVAILABLE_SENSOR_DATA,0,0,0
2678,8.7,0,1,1.61,0.86,0,0,99,1,0,18,False,True,0,0,0,0,200,3.38,1364,782,1864,1520,N/A,UNAVAILABLE_SENSOR_DATA,0,0,0
2680,8.8,0,1,1.62,0.86,0,0,99,1,0,18,False,True,0,0,0,0,199,3.38,1364,782,1866,1520,N/A,UNAVAILABLE_SENSOR_DATA,0,0,0
2682,8.5,0,1,1.6,0.86,0,0,99,1,0,18,False,True,0,0,0,0,199,3.38,No comms for 30s,782,1866,1520,N/A,UNAVAILABLE_SENSOR_DATA,0,0,0
2684,8.8,0,1,1.62,0.86,0,0,99,1,0,18,False,True,0,0,0,0,199,3.37,No comms for 30s,782,1866,1520,N/A,UNAVAILABLE_SENSOR_DATA,0,0,0
2686,8.900001,0,1,1.62,0.86,0,0,99,1,0,18,False,True,0,0,0,0,199,3.38,1364,782,1864,1518,N/A,UNAVAILABLE_SENSOR_DATA,0,0,0
2688,8.7,0,1,1.61,0.86,0,0,99,1,0,18,False,True,0,0,0,0,199,3.38,1364,782,1864,1518,N/A,UNAVAILABLE_SENSOR_DATA,0,0,0
2690,8.7,0,1,1.61,0.86,0,0,99,1,0,18,False,True,0,0,0,0,199,3.38,1364,782,1864,1518,N/A,UNAVAILABLE_SENSOR_DATA,0,0,0
2692,8.2,0,1,1.57,0.86,0,0,99,1,0,18,False,True,0,0,0,0,199,3.39,1364,782,1864,1502,N/A,UNAVAILABLE_SENSOR_DATA,0,0,0
2694,7.9,0,1,1.55,0.86,0,0,99,1,0,18,False,True,0,0,0,0,199,3.39,1364,782,1864,1502,N/A,UNAVAILABLE_SENSOR_DATA,0,0,0
2696,7.7,0,1,1.52,0.86,0,0,99,1,0,18,False,True,0,0,0,0,199,3.38,1364,782,1864,1498,N/A,UNAVAILABLE_SENSOR_DATA,0,0,0
2698,7.5,0,1,1.51,0.86,0,0,99,1,0,18,False,True,0,0,0,0,199,3.38,1364,772,1864,1498,N/A,UNAVAILABLE_SENSOR_DATA,0,0,0
2700,7.3,0,1,1.49,0.86,0,0,99,1,0,18,False,True,0,0,0,0,199,3.38,1364,772,1864,1498,N/A,UNAVAILABLE_SENSOR_DATA,0,0,0
2702,6.8,0,1,1.45,0.86,0,0,99,1,0,18,False,True,0,0,0,0,199,3.37,1364,772,1864,1496,N/A,2.76,0,0,0
2704,6.3,0,1,1.41,0.86,0,0,99,1,0,18,False,True,0,0,0,0,199,3.37,1364,778,1864,1496,N/A,2.76,0,0,0
2706,5.8,0,1,1.36,0.86,0,0,99,1,0,18,False,True,0,0,0,0,200,3.37,1364,778,1864,1496,N/A,1.11,0,0,0
2708,5.5,0,1,1.34,0.86,0,0,99,1,0,18,False,True,0,0,0,0,200,3.36,1364,778,1864,1496,N/A,1.11,0,0,0
2710,5,0,1,1.29,0.86,0,0,99,1,0,18,False,True,0,0,0,0,199,3.36,1364,778,1866,1496,N/A,1.11,0,0,0
2712,4.7,0,1,1.27,0.86,0,0,99,1,0,18,False,True,0,0,0,0,199,3.36,1364,778,1866,1486,N/A,1.12,0,0,0
2714,4.2,0,1,1.22,0.86,0,0,99,1,0,18,False,True,0,0,0,0,199,3.36,1364,778,1866,1486,N/A,1.12,0,0,0
2716,3.6,0,1,1.17,0.86,0,0,99,1,0,18,False,True,0,0,0,0,199,3.36,No comms for 30s,778,1864,1482,N/A,1.13,0,0,0
2718,3.1,0,1,1.13,0.86,0,0,99,1,0,18,False,True,0,0,0,0,200,3.36,No comms for 30s,778,1864,1482,N/A,1.13,0,0,0
2720,2.4,0,1,1.07,0.86,0,0,99,1,0,18,False,True,0,0,0,0,199,3.36,No comms for 30s,778,1864,1482,N/A,1.13,0,0,0
2722,1.8,0,1,1.04,0.86,0,0,99,1,0,18,False,True,0,0,0,0,199,3.36,No comms for 30s,778,1864,1478,N/A,1.14,0,0,0
2724,0,0,1,0.96,0.86,0,0,99,1,0,18,False,True,0,0,0,0,199,3.36,No comms for 30s,778,1864,1478,N/A,1.14,0,0,0
2726,0,0,1,0.91,0.86,0,0,99,1,0,18,False,True,0,0,0,0,199,3.36,No comms for 30s,778,1864,1478,N/A,1.16,0,0,0
2728,0,0,1,0.87,0.86,0,0,99,1,0,18,False,True,0,0,0,0,199,3.37,No comms for 30s,764,1864,1478,N/A,1.16,0,0,0
2730,0,0,1,0.87,0.86,0,0,99,1,0,18,False,True,0,0,0,0,199,3.37,No comms for 30s,764,1864,1476,N/A,1.16,0,0,0
2732,0,0,1,0.87,0.86,0,0,99,1,0,18,False,True,0,0,0,0,199,3.36,No comms for 30s,764,1864,1476,N/A,5.32,0,0,0
2734,0,0,1,0.87,0.86,0,0,99,1,0,18,False,True,0,0,0,0,199,3.35,No comms for 30s,768,1864,1476,N/A,5.32,0,0,0
2736,0,0,0,0.88,0.86,0,0,99,1,0,18,False,True,0,0,0,0,199,3.34,No comms for 30s,768,1866,1468,N/A,4.21,0,0,0
2738,0,0,0,0.9,0.86,0,0,99,1,0,18,False,True,0,0,0,0,199,3.33,No comms for 30s,768,1866,1468,N/A,4.21,0,0,0
2740,0,0,0,0.9,0.86,0,0,99,1,0,18,False,True,0,0,0,0,199,3.33,No comms for 30s,768,1864,1468,N/A,4.21,0,0,0
2742,0,0,0,0.9,0.86,0,0,99,1,0,18,False,True,0,0,0,0,199,3.33,No comms for 30s,768,1864,1464,N/A,4.29,0,0,0
2744,0,0,0,0.9,0.86,0,0,99,1,0,18,False,True,0,0,0,0,199,3.33,No comms for 30s,768,1864,1464,N/A,4.29,0,0,0
2746,0,0,0,0.9,0.86,0,0,99,1,0,18,False,True,0,0,0,0,199,3.33,No comms for 30s,768,1866,1462,N/A,4.29,0,0,0
2748,0,0,0,0.87,0.86,0,0,99,1,0,18,False,True,0,0,0,0,200,3.34,No comms for 30s,768,1866,1462,N/A,4.29,0,0,0
2750,0,0,0,0.87,0.86,0,0,99,1,0,18,False,True,0,0,0,0,199,3.35,No comms for 30s,768,1866,1462,N/A,4.29,0,0,0
2752,0,0,0,0.87,0.86,0,0,99,1,0,18,False,True,0,0,0,0,199,3.35,No comms for 30s,768,1866,1454,N/A,4.52,0,0,0
2754,0,0,0,0.87,0.86,0,0,99,1,0,18,False,True,0,0,0,0,199,3.35,No comms for 30s,768,1866,1454,N/A,4.52,0,0,0
2756,0,0,0,0.87,0.86,0,0,99,1,0,18,False,True,0,0,0,0,199,3.35,No comms for 30s,768,1864,1448,N/A,4.53,0,0,0
2758,0,0,0,0.87,0.86,0,0,99,1,0,18,False,True,0,0,0,0,199,3.35,No comms for 30s,768,1864,1448,N/A,4.53,0,0,0
2760,0,0,0,0.87,0.86,0,0,99,1,0,18,False,True,0,0,0,0,199,3.35,No comms for 30s,768,1864,1444,N/A,4.53,0,0,0
2762,0,0,0,0.87,0.86,0,0,99,1,0,18,False,True,0,0,0,0,199,3.34,No comms for 30s,768,1864,1444,N/A,4.8,0,0,0
2764,0,0,0,0.87,0.86,0,0,99,1,0,18,False,True,0,0,0,0,199,3.34,No comms for 30s,768,1864,1444,N/A,4.8,0,0,0
2766,0,0,0,0.87,0.86,0,0,99,1,0,18,False,True,0,0,0,0,200,3.33,No comms for 30s,768,1866,1444,N/A,6.22,0,0,0
2768,0,0,0,0.87,0.86,0,0,99,1,0,18,False,True,0,0,0,0,199,3.33,No comms for 30s,768,1866,1444,N/A,6.22,0,0,0
2770,0,0,0,0.87,0.86,0,0,99,1,0,18,False,True,0,0,0,0,199,3.32,No comms for 30s,768,1866,1428,N/A,6.22,0,0,0
2772,0,0,0,0.87,0.86,0,0,99,1,0,18,False,True,0,0,0,0,199,3.32,No comms for 30s,768,1866,1428,196,6.22,0,0,0
2774,0,0,0,0.87,0.86,0,0,99,1,0,18,False,True,0,0,0,0,199,3.31,No comms for 30s,768,1866,1428,196,6.22,0,0,0
2776,0,0,0,0.87,0.86,0,0,99,1,0,18,False,True,0,0,0,0,200,3.31,No comms for 90s +,768,1866,1432,No communication,No comms for 90s +,0,0,0
2778,0,0,0,0.87,0.86,0,0,99,1,0,18,False,True,0,0,0,0,199,3.31,No comms for 90s +,768,1866,1432,No communication,No comms for 90s +,0,0,0
2780,0,0,0,0.87,0.86,0,0,99,1,0,18,False,True,0,0,0,0,199,3.32,No comms for 90s +,768,1866,1434,No communication,No comms for 90s +,0,0,0
2782,0,0,0,0.87,0.86,0,0,99,1,0,18,False,True,0,0,0,0,199,3.32,No comms for 90s +,768,1866,1434,No communication,No comms for 90s +,0,0,0
2784,0,0,0,0.87,0.86,0,0,99,1,0,18,False,True,0,0,0,0,199,3.32,No comms for 90s +,768,1866,1434,No communication,No comms for 90s +,0,0,0
2786,0,0,0,0.87,0.86,0,0,99,1,0,18,False,True,0,0,0,0,199,3.33,No comms for 90s +,768,1866,1434,No communication,No comms for 90s +,0,0,0
2788,0,0,0,0.87,0.86,0,0,99,1,0,18,False,True,0,0,0,0,199,3.33,No comms for 90s +,768,1866,1434,No communication,No comms for 90s +,0,0,0
2790,0,0,0,0.87,0.86,0,0,99,1,0,18,False,True,0,0,0,0,199,3.34,No comms for 90s +,768,1866,1438,No communication,No comms for 90s +,0,0,0
2792,0,0,0,0.87,0.86,0,0,99,1,0,18,False,True,0,0,0,0,199,3.34,No comms for 90s +,768,1866,1438,No communication,No comms for 90s +,0,0,0
2794,0,0,0,0.87,0.86,0,0,99,1,0,18,False,True,0,0,0,0,199,3.35,No comms for 90s +,768,1866,1438,No communication,No comms for 90s +,0,0,0
2796,0,0,0,0.87,0.86,0,0,99,1,0,18,False,True,0,0,0,0,200,3.36,1362,768,1866,1440,153,6.25,0,0,0
2798,0,0,0,0.87,0.86,0,0,99,1,0,18,False,True,0,0,0,0,199,3.36,1362,768,1866,1440,153,6.25,0,0,0
2800,0,0,0,0.87,0.86,0,0,99,1,0,18,False,True,0,0,0,0,199,3.36,1362,768,1866,1442,153,6.25,0,0,0
2802,0,0,0,0.87,0.86,0,0,99,1,0,18,False,True,0,0,0,0,199,3.37,1362,768,1866,1442,153,6.25,0,0,0
2804,0,0,0,0.87,0.86,0,0,99,1,0,18,False,True,0,0,0,0,199,3.37,1362,768,1866,1442,153,6.25,0,0,0
2806,0,0,0,0.87,0.86,0,0,99,1,0,18,False,True,0,0,0,0,200,3.37,1362,768,1866,1444,153,6.25,0,0,0
2808,0,0,0,0.87,0.86,0,0,99,1,0,18,False,True,0,0,0,0,199,3.37,1362,770,1866,1444,153,6.25,0,0,0
2810,0,0,0,0.87,0.86,0,0,99,1,0,18,False,True,0,0,0,0,199,3.38,1362,770,1866,1444,153,6.25,0,0,0
2812,0,0,0,0.87,0.86,0,0,99,1,0,18,False,True,0,0,0,0,199,3.38,1362,770,1866,1444,155,5.89,0,0,0
2814,0,0,0,0.87,0.86,0,0,99,1,0,18,False,True,0,0,0,0,199,3.38,1362,770,1866,1444,155,5.89,0,0,0
2816,0,0,0,0.87,0.86,0,0,99,1,0,18,False,True,0,0,0,0,199,3.38,1362,770,1866,1444,157,5.89,0,0,0
2818,0,0,0,0.87,0.86,0,0,99,1,0,18,False,True,0,0,0,0,199,3.38,1362,770,1866,1444,157,5.89,0,0,0
2820,0,0,0,0.87,0.86,0,0,99,1,0,18,False,True,0,0,0,0,199,3.38,1362,770,1866,1448,157,5.89,0,0,0
2822,0,0,0,0.87,0.86,0,0,99,1,0,18,False,True,0,0,0,0,199,3.38,1362,770,1866,1448,158,5.89,0,0,0
2824,0,0,0,0.87,0.86,0,0,99,1,0,18,False,True,0,0,0,0,199,3.38,1362,770,1866,1448,158,5.89,0,0,0
2826,0,0,0,0.87,0.86,0,0,99,1,0,18,False,True,0,0,0,0,200,3.37,1362,770,1866,1448,165,4.61,0,0,0
2828,0,0,0,0.87,0.86,0,0,99,1,0,18,False,True,0,0,0,0,199,3.37,1362,770,1866,1448,165,4.61,0,0,0
2830,0,0,0,0.87,0.86,0,0,99,1,0,18,False,True,0,0,0,0,199,3.37,1362,770,1866,1448,165,4.61,0,0,0
2832,0,0,0,0.87,0.86,0,0,99,1,0,18,False,True,0,0,0,0,199,3.36,1362,770,1866,1448,170,4.61,0,0,0
2834,0,0,0,0.87,0.86,0,0,99,1,0,18,False,True,0,0,0,0,199,3.36,1362,770,1866,1448,170,4.61,0,0,0
2836,0,0,0,0.87,0.86,0,0,99,1,0,18,False,True,0,0,0,0,199,3.36,1362,770,1866,1448,174,4.61,0,0,0
2838,0,0,0,0.87,0.86,0,0,99,1,0,18,False,True,0,0,0,0,199,3.36,1362,770,1866,1448,174,4.61,0,0,0
2840,0,0,0,0.87,0.86,0,0,99,1,0,18,False,True,0,0,0,0,199,3.37,1364,770,1866,1450,174,4.61,0,0,0
2842,0,0,0,0.87,0.86,0,0,99,1,0,18,False,True,0,0,0,0,199,3.37,1364,770,1866,1450,185,3.89,0,0,0
2844,0,0,0,0.87,0.86,0,0,99,1,0,18,False,True,0,0,0,0,199,3.36,1364,770,1866,1450,185,3.89,0,0,0